corrected_umi,strand,read_count,read_ids
GATTTCCG,-,1,ca828d1e-6074-4277-8e11-892348859ff4
GCCCTCTA,-,3,"5fe56037-8d16-4932-a36c-a7cbcae96de4,d69d634f-5bf0-48db-9f7a-e0395e3b4153,9fbbe818-aff5-4f59-bfcb-6904060d59bc"
GCCGATTT,-,27,"12aa6ed5-3528-4258-957e-fb73ad154fef,b89d9bdb-87d1-42f3-9b3d-59468f39eb4a,57ebb71a-619f-4373-b18b-3586ef76401c,89beb2c5-8995-42b5-8295-e22d5c257432,72c80752-a171-41c1-87f0-2b7e0fbdbbe4,fa29712d-0576-4ea7-87df-b7491d0da1dc,fc745df7-c75e-41c1-911d-b7c3be01a88b,5e8575d6-8cb3-4073-87a6-9b0bb3434957,fe092e81-ceb8-4913-8353-cf2556243270,e8d6857f-58d1-4458-b3a6-6e3d6e07d7e9,e2ac21ff-b04b-4c5b-8f50-87bc0b3c25d2,a9110ba7-38b4-4aeb-b9f7-420453452e84,d9ca569e-02ab-44c1-ae3f-c0588ced6349,eb3b2101-f979-42aa-b26e-dd59c97fd349,543d617d-ca60-415f-9343-18dcf4f2f574,142ae550-826b-4bdf-832f-b42e7a14b1f7,b525dec4-5a85-459c-85c0-d50b2ff248d5,7b9a017b-8e21-42c6-80ae-e12cb8e28183,84f54576-95e6-4117-8c3e-89386bdc32e7,fa79f03c-7c34-4c56-bfb5-8d971df494be,860ebd70-5b0b-4b10-9fc4-a1dfe55b6c39,a999e9b7-72c6-482a-a3d5-f1cf96e2fbaf,2162020e-3856-4e78-9bff-962b55ce69ce,36a1d92f-52f2-47db-938a-c93c84a9d9cb,f37b8b68-7728-4649-8b22-b7007948f135,313aaa75-9258-4f27-b71a-687d4dfafc15,4f5a450e-1bf0-448e-8fb8-b2e5fcae92bd"
CCCGGGAA,-,3,"1632f895-6c62-45c7-8172-2abb5e8e47b2,dded61a3-91f2-4494-9996-097660a9e880,7a970af3-adbf-4be4-bbc8-b85f465b7cde"
ACGTTACT,-,18,"45c475f5-fcae-43e4-be64-4c647168fe8b,3dcf1f10-949e-48df-bee1-751c605f3001,4cdd9ac4-981b-47b9-9702-2c963cc660e7,a77774b2-2c42-40cb-8742-195306008c61,69625d47-02a7-4e2f-a00d-0177ccb8ab52,ddd21647-78cb-41fa-b736-2453a69b2d1c,0ba7f499-f589-4ada-8ef1-f2e2680d32f4,0cbd89f7-7f10-45d0-8ed4-60664d9e7edf,2eab6975-1fa2-4e07-8704-5a6b5a9fc146,160538ad-2220-4e0a-9eb3-7ab712120da3,8d00d10a-b560-4bd8-a025-e6c47ee2991b,ca83c77c-41a1-4e73-87d6-6be4e2f4ff14,1831935e-82c2-4126-875e-733dc8b2e990,f51eff37-f9ae-432d-b41a-76b1228a0d30,55d68485-e0d7-436c-bd36-1a82034b80e0,bb207475-600b-407a-9637-8f3b91a6800d,a6809848-608c-4d65-aa55-63504b80df2f,818c660a-7c79-4853-8d81-cab0b0f97fa1"
TTCACAAT,-,3,"130981ec-bf20-4e9d-8050-721953857f8f,aba37e23-078e-43bb-b4b4-d18da43f0c70,e24e5b47-fc37-4094-8d9f-844e9973e7a5"
GGGCGAAT,-,3,"5992914a-815e-45b4-b546-5bad44afb432,77fc8339-658d-4e5b-adf9-7f5afc17e97b,91f698d7-f85c-4610-873f-e447de8ff743"
TTCGCGGT,-,3,"a9004962-5eaa-4d86-a5b1-96f04c8b61cd,ac83e0c8-6023-4680-92c9-369a0a180a60,c42f78aa-1663-4dbb-b1c9-d86ad913ee9f"
CATTCTAC,-,27,"c4d68004-e227-46a5-85c3-64a62e500d66,affbf440-404f-4eb1-9b25-ba3ccdb5988b,57ef253b-6d1e-46a9-822d-cb74ab731dc0,81039a16-1a81-4838-9be3-575a2ad05795,cb9454f0-59b1-4af4-976e-a04fc88200ec,8da4703c-a229-4b27-b823-b04965e294ab,92da13fb-6fbb-4801-936c-b67cb8fad13f,f0249293-95ca-4ec3-8f88-6e8adfa90889,90ba2cb0-0232-45ba-b7ae-1cb433d67801,6429ae5b-c86b-4091-952a-f824bf2d7350,915ddcd9-287c-40ac-a610-deb5f431fcea,27371773-0dee-436b-8be0-2e568b5a58c5,f38df132-e1f5-441a-b58e-13a2c7ff2a3a,f9dedc2c-b63a-45cc-b6fe-5ed72d355f8e,ae07eb52-2576-4e0d-8e06-c93225b708f1,f46f4360-ff85-4cc1-954c-d62295a2e1c9,50428058-e11d-4cf9-90f6-5354c995ccbc,828df40f-1363-4fe2-94e5-4679e0795c63,aa4ece51-e78b-427e-b393-78fce9be58cc,cab2d8c9-586f-4d7b-b8d4-c73afac06aa3,e09debf2-8aeb-467e-ac5f-cd397e87461f,0d157913-8958-40e8-8bc4-34bdebc51697,fdf84472-d9c0-47cf-a25f-a8844881da61,60de996c-59a2-4b6d-b093-d88fd33261bd,5bd1b09b-db91-4a38-b1eb-615229087788,6913c76e-a2e1-4c7b-8351-e95137cb9d5f,10a61d65-82d0-4914-95ec-4ef1518c9054"
ACGGTTAT,-,1,7297828b-e67b-455c-915a-da85fe216f8d
GGTATTTT,-,33,"93dc0d38-d5e4-4c57-b5b4-d425aac3db2a,034f0724-4043-44bf-a739-8afd1d50d13a,34d2e4dc-9d02-43bb-be75-d6c275805ff0,b45b4cf4-80c1-45da-b1f2-14a5eb88653e,be8bd802-6de4-4e92-a8da-cc8a029704f8,7c6b7522-b2a3-4f3f-87ff-379e6e72fbad,6e5b365a-bade-4d33-914a-693e1bc8a1bb,4f2de461-cc48-4759-b7c0-2aeed7710225,d0bbef1d-2dfa-4fca-af16-153e323ed8f5,7d407816-6e9d-4da6-8e61-b2ce7b9c31ff,a2580153-2c03-4561-a622-f08931789d56,33a81b04-ddcb-4876-8b5f-e3965126928e,5011546f-7ffe-4b36-be17-3f141fcf8ce6,b35b06e7-6e79-4747-a2f0-97d9e2941d5b,b00fd30c-f786-401a-b713-fb9ff1a50e37,c8bc1556-3f09-4df0-90ab-4531d5372ee2,68de19f3-3ab4-4fd3-a513-6898b46c39e4,a7787ac8-ea2e-4bd4-9959-03d5ecc6368b,31c50802-c91c-4ce6-ba3f-efa8742b58b6,02c05d8b-0ef6-4e42-bcbc-7cd99940abb4,ef020259-20d6-40c2-b7b2-dadf9af26580,f358d75e-6c5f-4fd3-bbef-21376d9c41fc,c93f09a3-f072-48b7-8313-2a3bb50a64cb,6cb7e5d3-d7f3-4a20-8001-8f06165d158e,52b7d77f-5bbe-4977-b942-639bbd0d893f,cb171252-6988-4d9a-8326-862b32bc6497,4330ed53-ae35-4a9c-b139-5d072a7b4998,d69ca70e-4425-4234-9618-3382501f03b8,43690794-a891-4766-9208-de4504bcecf5,5f2291a0-9259-4977-ae00-75e6f7a75fff,a65219dc-df99-4124-ba48-c77b2da7008e,31fc179d-f13c-4ec4-9c4a-3a3ad0023810,b393519e-5173-46e1-8fdd-736508da3cf3"
GGCTCCAT,-,12,"80633a81-b08f-4853-8879-5bd51c6b203c,233b8361-b016-4be9-b0b9-c431e60fe8fc,6ffcfded-4cb9-4950-bc84-941c2f9c5a81,e8c968fe-2f4e-4fcd-8c36-db75cae2f891,c88a9901-5e20-4862-b4d9-2c4dc4fc7816,2952ccb6-4f58-4ab1-99e0-9998f642244c,f201c548-53a5-4427-b68e-34d429f17cab,663eca39-738a-487d-b7fc-58cd866a9c6c,73223171-3fa6-4c8c-8f02-bc78011f765c,9f75964a-ccea-4fa9-bb21-28d052afcef1,fc6bde10-5a08-4137-ab49-5a73a2ed54ad,13bd20d6-c0c8-4761-bb2f-e75c7d5dfe91"
AAGCTTCG,-,2,"a7e5a1f0-4eff-427a-83ef-b0973777afcd,38425314-fb12-459b-89ec-39acf7f47e32"
CTTCAGTG,-,7,"9aacec15-d78d-4b09-a524-4144f295922b,87fe8263-52b9-490e-84a0-a4af75a6ebad,0f91f9b4-809f-4c85-ae00-d61ae9fc439a,3c18a7a9-6019-4671-bd8e-ad5136a36a37,4fe38b67-d2b7-4b3a-bfa4-1e877ce72349,868cc044-9da2-40cf-a9d7-a7fc186fea07,41cbfde1-d979-4d6b-9616-a30867297293"
AAATCCCG,-,3,"0c9a3c18-2c55-4794-ba8b-5dbec88bad21,c2d5305e-9321-4de4-b7be-08380631b797,a9370107-503c-47f7-9220-9614220353fe"
CATGAGCT,-,4,"df221350-9207-426d-82fb-c6f1db4dc6c0,b0a256e9-7106-4282-8f37-f8443c748b79,44cf2f51-a34b-4ad7-9ce1-134baf24c3fc,b0012d4d-e44e-4c0d-afb2-b7818ff372b9"
TAGACGGT,-,9,"e18a1b0a-8428-4ecc-9374-db161b828d9e,a3289ac2-3c3c-4c70-abb4-0a17171f0bc7,b5528bc2-3f3c-458e-b134-a86695b1c060,cf02e7d9-9ce6-4578-b4f3-4f7d0498d968,1850c414-76e5-4992-966f-44d9c877c27c,f6ad3be1-bbe2-42ba-8e7b-367501c336b8,9d80f6a9-6785-4796-9438-0c898ec63e97,e04a82f2-42c5-4a5e-8a68-89954ba81d1d,9d96960f-40ca-46de-bd9f-4169f566e386"
CTATAGTT,-,2,"37e774be-ad40-43ec-9268-6f0b1796791b,8db9d774-d5de-4999-b4ab-9e2a8be4e205"
CAACGGAT,-,7,"86b350ed-5300-4bb5-bda8-9a84ca8dc26b,931149ce-0094-4547-937a-d63c6e061cd6,ce0a726f-b143-4483-bb0f-e281a5511cc6,772b0438-5870-4440-b5d6-f854c28daee0,c7af0cf8-16c4-4f45-8759-edfac20a63b3,e94cce2a-b778-4f96-b821-596d82cc4a78,cccf0daf-8f87-4341-886e-99074b210448"
GTCTCAGA,-,1,1c33772a-68c6-4cb5-8b85-c774c55dd616
TATCCATA,-,2,"49b40357-45ff-46b4-a16b-fd1af9e2b9ce,259cfcff-cb67-414c-acb8-d9a34f939c36"
CATCCGGG,-,8,"3cf54291-14b9-4cdf-93ea-e6fce11e562e,55ff8a2e-b447-4793-a3dd-6191b5ed4153,c1752f2e-c3c8-4fe3-b718-f8d597b83eb7,bd00f1ca-fca5-4692-8187-ed4a1eb426e0,ed00f3d7-7379-4056-9cb8-b6bc76a9b77c,d4e85d7a-eb15-487c-a954-55e886077d0f,b54841c1-84dd-4622-a611-4ba6df0f14d7,ccf3f59b-2da9-4b9b-8850-f3cd33b13637"
CACCGACG,-,25,"e51eaa08-efed-412b-baae-54299bc8de28,aa99e6d7-38d8-4c67-917b-1088161fb502,d63aabc6-467c-44eb-bc06-7a5af23482ac,4cca9041-604c-4af9-b7b8-68363926ef7e,13ca5b47-00a6-4a2c-8e25-7fe6f1b7a393,c7cccad5-551c-4718-9f69-53d1bf1a1ce0,c45668f4-315b-45f5-8f35-a0724a800a14,303cfc33-db04-418e-af1d-2c593ca972e8,2c55b776-50d9-45ed-bc6d-2107a22ae3ba,a963ff7c-d41d-4090-a421-b2a679001d8b,cbf2ce8f-d08d-4db8-b20f-8662dc1a18fe,79c04a45-6403-4c20-9d8e-e934cbc706fb,02c67785-eb60-42ce-82d5-7b7f536f0782,f5e5b34a-e4da-450c-9e19-b706a29ec806,9aec6717-bbf3-4a10-938c-ea46713bd345,304962ca-f99c-4b8d-b6f6-651241af8a54,dc0a8cdb-a0df-4ee2-85c9-bc74dac5a13a,5d2ea1b2-be67-4340-a03c-096426c9d813,42a0bbd0-3931-4877-baad-9c49f377f990,115d1e41-66ab-432d-a9af-371b40875e10,4857bd97-109c-4f00-98ea-449a22ea5bfb,af6d1531-912e-48f0-8e6e-7457d81d7b7a,9bf89ff7-d6b6-4c17-81d4-bae9d116337a,b08540f5-a8ae-46b1-991b-20557415d7dc,5f49feb4-f83e-4880-8945-d915a39ab4bb"
TAGCACCT,-,3,"244f5e97-d107-48ca-933e-ec7685edd8d6,73dccdbf-b07e-457c-bc3b-af054fa98e41,a9fed0da-884e-4c29-93c8-bafb5258529f"
CGGAGACA,-,3,"bd04dd7e-83f8-4e87-a537-5475f92576d7,03931edf-46ef-4744-a99b-fa172e7331fb,c65a928d-3622-4974-bddb-81c625580cf1"
CACCACTT,-,5,"0f21226f-3a45-4bb9-acad-a3213ac79efc,255c8085-6e90-42c9-adc4-9edb5b03cf11,b7bcd014-99e9-4629-aaa6-a87ee5c998ca,5a7de885-9453-4fe0-bca8-e5a0b72d03a8,c86eb7c4-f75c-4134-a5c1-6cdc815b928c"
CTCCGCCA,-,2,"a99ac5bb-cda6-495d-9184-9e4b89650fcc,15c8d271-25f7-44de-887d-50fc3a9e5de9"
GGGAGGTT,-,6,"2dadff56-0885-40e6-8242-d21a1ee2d607,c31acebd-0886-40c6-8cc2-5af70974cf28,32dc26cc-fae0-444e-abd2-e545d88adf87,6a935770-57bd-4ca5-8926-cdf0316b93ee,71d1bbfa-4cd4-41ec-a375-a65461fcfa18,c3941bb1-6661-4d48-b8e0-a199e552821c"
ATCGAACG,-,2,"c2fbc600-d60f-4623-a88a-010148f2a60e,fe67aeb8-0f5b-4d0d-9fab-108239160147"
AACACGTG,-,14,"308620a1-5662-4004-a564-44e6d425352a,4a47d90e-f1d8-4bdb-a895-916490398496,3bc9ed6c-5402-49b3-902d-0c928542cdcd,70cffcd8-e8df-4ddf-a0da-f81dc58d2f9e,38be3d80-725f-4418-bed4-b886b5a5e65e,a4613ebb-e29b-42bd-8339-46a6c3016366,e808d884-2f38-471d-8f56-b3bd9b089782,4ce129c3-94ac-4388-883c-a0662fda142e,eeef9c51-c9fd-4212-881f-23bf650963e8,5363b554-c0de-4b18-aa85-8a9f398fbaad,2127200e-5dae-486c-9655-eea856758551,7b7d4f39-f99a-456f-9599-266d1b0b6a5a,9d44f060-62c5-416f-a4f9-959ef8de19a5,df298357-a3d5-4b7c-9bb7-4d630b578601"
CGGGGTCC,-,3,"e250c24c-90ac-436e-b883-3b784d5da5b3,2dbfa2fa-3ea7-4406-9b5d-fc9ce70e374c,5f42124a-0abb-466b-8ad1-8c807f590052"
CCTCCCAT,-,9,"c423b81a-0846-4592-9f81-ab708d526383,f70da094-7019-4282-86c8-f074e7f0e0f3,2d691820-5c07-406f-8ee4-11cfad2e8697,a467248b-fd23-4f95-807a-e875fd780ef0,bc026c69-7232-403a-bb74-25d2d580479d,6dc9f45c-eacc-482f-9bb3-70e5c766c504,798a3432-36ed-457a-88e6-d090234172fb,b2fb1d1d-0c8f-4490-af34-7c805b748c5e,c75e4bec-08ad-4598-b1c3-fefb67fa54aa"
CCAGTACC,-,3,"368e8c48-bdea-4ad1-b3c2-176acc94cff9,a63e5c3f-dd8c-4a7d-a01e-4a573eda539c,3dc7650d-fc79-4f8e-ac6a-ffc81a2813b7"
GTACATCT,-,3,"00fd81da-89f6-46eb-9648-293eb2da1a41,d9048e09-73f8-4b75-bee3-d3f2be233b31,2c0fba53-8268-48fa-9e1c-bb87c7917d54"
GTACTATT,-,4,"97377ecf-caad-42cc-9d6b-0782610e1602,6a4228ed-a331-42fd-8b25-99214b8b4c6b,02f54f47-adc7-4a66-8ab2-d860a9c9674a,53d0ac63-913b-465f-a39f-bcb0c3dc0cce"
AACGGGTT,-,13,"0692a640-6e01-4528-ac0b-180f658fcbba,2d47f04c-799a-4567-9949-74c9e5ee35e8,709771ec-1b7f-4c15-a3b9-e304d40bac6b,263769d7-c227-4e73-bc08-436ab75453b9,5400bfcb-72c5-4bbf-8b3a-b13117872905,c909079d-5bdd-4cf0-959f-42f3093cf26e,48b2d238-5f91-4d8a-8ebf-d4192fdf8742,4fb27b17-6150-4ee5-9cbe-61d14f465b05,96ec0c20-918f-4344-8435-831c703c3945,f5b3d0cd-aae0-4be4-8450-3cf329b75d0f,a4fd2f5e-25c9-42d3-a864-aae1aeab2102,e7a10a75-e2e7-4c97-b200-760900f0268c,ab12d95f-3670-4bea-8d3d-25bbb3cb4873"
CAACACAC,-,3,"adee40fe-a50b-4539-8213-99d99af5ef1c,85d80fe7-faac-4281-aa79-391f275a43db,f5f7bb64-2846-4555-b9cd-c5ae4deee226"
CTGGCAGG,-,10,"8e8f5346-5841-4854-870a-583a561b02eb,578401f9-7fb1-4be2-be43-69e7800dfdd4,2cc1306c-ed6e-4c77-8a63-3822d8f4f9fd,34d678ef-c6ca-4305-99c2-d0c87f8524d9,aa78be74-c934-4254-80bd-bc1226f23518,0a91b517-8628-4353-9d6d-f52826d66554,8782fe8e-cf1c-46ff-9c72-66d36c98c4cc,03f6ec2b-1458-47d6-9e57-c9cbf2efb664,d4b81035-debf-47ee-8715-03d9e96352b3,43c087b5-3564-4b9f-95d3-3735b27a0daa"
GTAAAAAA,-,4,"b2e69bb3-0bab-47f4-97d2-8b330e17724a,d6845b78-caeb-415c-aee7-14529cfe209c,82ede730-8750-4f97-b357-d1924e3903fa,4a04eb70-46c9-4083-ba1f-d8a6afdbfb82"
AGCAGAGC,-,14,"c39ae8de-8cba-4e76-83e7-b3afe781a050,43c2950e-de30-49aa-9e3b-43897a35caad,8fc2b6ad-0e9e-432b-9068-e73a18e3d042,8730b936-6a7b-4bd3-9a42-6eb812d73e58,e9ea90d3-fb63-4c6e-b943-d800662c1312,a345cde3-a16d-4fb8-a707-4d7ac50b9e22,f0d67a41-4603-4b83-b6d3-2826666719b6,ff28cdd3-0769-4333-af92-13b8e644ea0f,8ba5868f-29dc-41f2-8aaa-8f3d9f78140f,2c4d9f5c-b82c-43bd-81f6-422b9f971619,3a5e1cbd-e591-4c8f-9e0d-b6bebcf0c91b,e4fd8502-f022-497c-9a28-d17d24fee8b2,9e8aaaee-1da8-4ffd-81d2-921eaf946111,2951f442-2082-4406-9a54-e0daf4f6c093"
TGCGCCCG,-,15,"9121ff2f-a6d8-4ed4-b43f-41d613bf189b,896c0730-79f2-4eed-9ef6-737175ac5ec7,f6afb8d5-0dd2-466a-84e9-8cfc76751e6f,7fa305b7-ed21-42b3-8da3-eb123440859e,85455c99-e7fd-499a-8929-312450299227,c47f48ad-d136-4914-a163-894ad10b89d0,3ebbcee2-8804-40ae-a998-f67b158437dd,6e0b6b4c-58de-42be-9401-1d54b5d020ad,23c0c951-058d-4eae-9a83-13f63988a973,0d10faea-927c-45cd-8d36-4db208d5d640,031bd16c-cd8f-4a2f-9ce4-ac2b5f27ba66,f810d079-eb13-4b6d-805f-b9980e44ee12,255e717a-b5b2-422e-a6a1-84aac786d426,9474757f-b348-4346-af67-ad173229a8b4,c41479c3-c5d9-4845-a536-426f05237ef6"
CCACCTCA,-,7,"68788be3-cf19-49d7-98d3-3d731c3e471f,addbfe53-7616-42e9-9f8e-1d5732d234dc,c9e629ca-8403-4ffe-b1d8-48542a4a53da,5ecdf80b-bfed-4ecc-b33d-b4523570bf58,f2d760ce-574f-4997-842a-07ee5dae1639,ae9b55e8-9d16-46dc-bef8-79afc472daaa,b908b844-34d5-44bc-af2f-c6914f8e7ee8"
GTCTGTCG,-,2,"c6aed7a7-fb3a-4f1e-a12a-0ade94acb38e,ed8ba301-ca95-4045-8ab6-5e838f859c91"
GCACTTGC,-,8,"4f32807b-e212-4991-b609-708ec582cb15,13ffcb95-f795-4815-96a5-e38e2ed014a6,c7f84c70-ede2-4239-a16e-5289034c75bb,70cf3299-1a30-4ad3-aef5-5d67625217a8,29e6ddf4-0f34-4687-9124-cb8268af5bba,a3569cc8-9159-466c-b525-a4a0e9d87d78,68ff36c6-c921-45a1-9d6b-1cba1b870963,7c8b7642-4264-4e05-9ef1-42a8f6f0b4ce"
CGGAAGGT,-,3,"006a0518-bf82-4b91-a74f-ab5b54b34489,23b3092f-3907-4a66-b069-f0f17ba7b4f3,8a332557-2be1-4e81-8b83-3d8f597b0f25"
GATGAAAT,-,3,"211dfaba-228c-4ee7-b80a-b7f987960bf8,5819994f-3f74-41b1-8fe6-1b75c814ff88,1e3854f2-73c4-459e-838e-6d32c2864345"
CAGACACC,-,8,"432c338d-fcc0-40e4-99bf-0dcf37a1155b,5f9c58d1-bb65-404c-b746-5b82ac70bb38,6d190a03-d0da-442e-89b8-c2668afe0287,751a6aeb-3aa9-44ea-8a4c-b81cf3a040c4,4b1edbe0-1ea0-4bfe-8def-b1bc43144ea0,4488803a-e3e5-4aea-9940-0c4e74246919,6f2c1ca6-c5f6-4a6a-922d-74a2c76378d1,d1d9a8e4-106a-4aab-a7e2-3a1932bf66d6"
TTAGTCCC,-,1,ae95fdd4-bf01-4281-8f2a-0b1a68491329
AGAAATCA,-,1,ad223896-0647-4265-9b9c-d7259ba652f9
AGTCTCGT,-,3,"2dfdd10a-6624-43ec-b493-b4dea6003996,8fe974ac-059f-4638-bf83-ca952b73d9d7,57a293cc-202e-4976-9db5-54f70057c51d"
ATATGCTT,-,3,"10d2324e-bc2e-4c85-b002-e2e4305e1ce8,6897722f-8372-4147-9983-53143f092812,006ceb84-e8eb-4388-a9e4-2637991d08d0"
TCAGAATC,-,10,"1cc46fc3-bdf5-449a-9c91-a9b18e57b9ba,586de981-1f98-4b94-9ab9-6fcc542da586,b356547e-1569-4580-a038-7c4a5ea3ad41,ae56c0da-6eb2-449b-9632-6b5b4104491c,d3903483-fe9b-45bf-a080-13229cac28c0,749253a2-f3df-419c-928c-9a4ad4337a5b,661c9569-45bf-4d8d-bf16-ee4c4d7ebc54,c4d9be88-7be6-4969-898d-ce65991a3c76,84806c80-db58-4146-a69a-360e48adcce5,480f691a-5a6a-4b1a-95af-fffe64296d33"
ATTTGACA,-,6,"37149271-1d61-4720-82b8-b012584487db,1dcbcd5e-55ef-4c2a-9451-0835da6a6a11,cd45cdff-1884-4364-a921-c1299df3dce7,129f0a91-f99c-49c1-bb00-0b1097970452,53f40286-4759-495d-a7a5-91d69d9391bc,feac8a86-7b25-4eda-9052-10afc7421c13"
GAGGACAC,-,2,"36e4c3b9-b938-4623-bb4b-4cf19a03698e,f672bc92-cd6d-4b15-a52d-19b714584e73"
CCGCGATT,-,2,"4e638d98-cf5c-4606-8bc2-d807584304cd,5b2411af-0eda-4163-bd1d-c7cf93a402e2"
ATAATGCG,-,4,"b4acc8b2-39bd-41c7-b6a9-5b69d3c170e7,723b377a-346d-4beb-be44-5d4fa6a80d6b,bc360993-b04b-4761-b576-42e58f7e21ee,efc564f4-fff6-4138-94b3-c49ec12adeba"
TGCCCCGA,-,1,aeacdbc3-f217-4895-be77-e1e7253b0d80
TACCTCGC,-,1,60ccdd13-beaf-4bb3-a6d4-64ef6a9e1d03
CTTGCCAA,-,1,edf25b58-29da-4c08-9a89-1daeed50ecd6
ACTGCGCA,-,1,bd32c964-8619-4325-a85f-c30fdeb30fb1
GGTGCTGT,-,3,"4e64fd49-f6b6-49e2-b215-4ab7bd119aaa,3b5ca34c-b1d8-45bf-9035-4bdd7e7b6bf7,a3d71274-f365-4be3-ba8b-7f0c9c3a97cb"
TGTCCTAC,-,2,"967cf2fc-b995-4c92-a0ef-ecaee023618f,5cb8851b-6196-4b2a-afe3-4b2a9f08503d"
ACACCCTT,-,3,"83ad7b1a-5f98-4a7d-91bf-8d23f215557e,fe591d3e-5d3b-4ed7-b20f-ad424006210b,61c112b8-fd5e-4d60-aee7-2b3775184afc"
CTCTAGGC,-,3,"7554d9cf-fef1-48b3-9ffb-443c81632db1,9e21c6c7-e47a-4391-a00e-7d662db917b1,76f77322-28d4-4113-a965-42533bddb2b2"
GCTCACAG,-,2,"afe7de98-26e3-4a6b-8d6c-ab896591f321,c2b05938-29f7-4636-85d5-f28fab0d9058"
GGAGGGGC,-,1,a2d4bb4e-7e7e-443d-bffa-ba8fe91a68f2
AGGTTGAT,-,2,"3d47b3fb-123c-4d10-99ba-2c31ef047e11,f70d539f-673d-4b62-bd3a-2566f5857eb3"
GCACCCAC,-,4,"09f324b2-8f7c-4bf9-9186-a83177f9db25,0c3369a3-d75d-47e9-ba7f-b0b4a87c8730,5395bd9d-bbe4-4e62-ac1f-a12ae746463b,8550840a-8036-4034-92a2-0f9543a4059a"
TTCCCATG,-,1,714ac018-02eb-439a-9397-a84f77a4d028
TAGTTTTT,-,6,"69f47ed6-2a16-4e20-b6c4-ce39283463ce,d87bf9ad-cd9e-4321-841c-5e12c2cde122,3ff07aa4-912b-4243-9be7-20600d9096ee,7ad7a5bd-6765-439c-93b4-cfc956d8e82f,f69c6dd1-1134-4a6b-b25b-cd172dc85094,7bfedf26-c2f6-4fc2-9ebd-4fc0fc47f319"
CGAACGGG,-,1,2152b651-b626-46f3-9385-33edf9ff5a32
ACCCACCG,-,2,"6dd0ce78-5fa7-41ae-883f-0b14e111c884,31937efd-3083-44a0-9665-0420b72ff2aa"
TTCGACGC,-,1,a91efd3d-ffdb-4436-ba89-e57cb61e7626
CGCTGATT,-,2,"2ac60594-9e66-4e61-8be6-f3d112e28287,de95ba0b-4b31-4897-90f9-2b356ed48215"
CAGGCCCA,-,7,"74ada114-c773-475a-a534-138c01eb8ebb,85d5f87b-a75c-48bb-a9af-76fd0a25dd81,333600ae-a84c-4bf6-9c37-85de34c643ad,8e6451a9-9aa9-495d-b8c1-e13594c075af,ce6674e8-59aa-4e75-afe1-04d4b3418923,1fecb44b-cfbb-41b9-8035-e933c198f333,6883dc57-5a82-4b21-99fc-8140d8e59fc6"
TCTTATGT,-,1,396020bb-f6a7-4083-be83-58c4928145a9
TGTAGAGT,-,2,"fd7bcc00-77b1-4251-9660-06215dc395c3,74240170-2011-423b-8d3e-2cb5ae734381"
CAGCACGG,-,2,"c3b13c7d-7528-4000-9624-be971e475904,dcea6b9c-3170-414b-9f1b-1f9ba4e27604"
GTATTTTA,-,1,7785bd4e-49a5-407d-9caa-3860b6bb1828
CCACAGGC,-,2,"b96f43e8-e7b3-4302-b4b7-8002797d1337,cda54591-7c89-4102-bcab-4d2f1adfb926"
GCGCCATC,-,1,40e512b8-ae90-4bd3-aa3e-632b9924b62f
GGTCGCCA,-,1,84807b7f-9a2b-4fc8-a7fc-2c695e736479
GGCATCTG,-,2,"214473d4-3c59-4124-8316-cae0ae5f4a14,36d4992e-b86b-4d07-91bd-332101bb6d10"
GACCGCCT,-,4,"2f8947ee-7f67-46e7-be81-013759a96c28,23f504d2-8230-4ae5-9c56-b2d70ec78791,38fe9015-3bc1-437d-991c-4dd958f11357,1521b9d0-1d0a-4b6e-b69e-ec0c3425956a"
TGCGAGCC,-,1,0e419611-4b38-4f7b-93f9-0923b75b9034
CACTATAA,-,2,"8cadeedd-d7e7-4fd1-9869-67e0c293ddf6,e630133b-e53a-4c20-a69e-e9ebf383424e"
TGTTCTCT,-,2,"102370b4-87e2-4459-8823-f093dd98bb21,7fd04695-39c2-40ab-8cd3-3486dbdf886f"
CAAGAGAG,-,2,"0d736a3a-8bc6-4f25-8b43-340bc772f9d1,097c000a-afdb-4290-b69c-3f50650c642f"
CCTAAAGT,-,2,"e768e8c0-b247-42f5-982c-9da7a10048ad,ad34656f-104a-4687-bdc0-c4dd05d20594"
TGACCAGC,-,2,"f8324365-b948-4d9a-989b-20bd7738a8ca,bed91a8d-a5ef-47a5-bd8c-363d1fdebd5c"
GAAACTGA,-,1,f4923e5c-71b2-4eaa-ab9d-fa09524cbab4
CGCCCGTT,-,2,"3a59fba7-250a-4da7-80c4-47a9a5f52cdd,cacc608c-c5c8-4901-9dd2-fcfc81f6fc2c"
TCCTGTGG,-,1,5d048717-335f-41f0-bbd2-f799167d7602
AATAATTT,-,1,abdf8f9e-373c-4460-9d25-1b75537b7a7e
GCCACCCG,-,1,d6a2c096-1861-437f-8c91-2eaee01fa2c4
TCAGAGGA,-,1,c8a39db8-0222-473e-8bfd-454cc7254a3e
TTTCACTA,-,3,"42457683-aa8f-4198-b716-7a57f6bc8acb,0b35b693-8636-4844-9759-2fa6f20e75d9,a3288155-c073-4cc3-afb3-0b8157f5ec41"
AAAGCCGT,-,6,"d4c65806-a978-4c3e-a482-d76a2e3469a3,17ecc62f-168d-4896-b1a7-85bcd6dbea48,f80d308a-7011-4c8c-b71b-16af2920d71d,d60cea52-fdc9-4929-9560-3817c6910c55,6faf1b7b-462c-4b0a-b40f-d73bf3df9316,9ffbf26b-aad5-40c5-bf89-0afa37b04550"
GAGCCCGC,-,5,"a2c0e36d-4bb0-4865-b41a-7f99549ddd30,3b873598-e797-46b0-aa04-6744d4f56713,42912973-2ce9-47c4-b0f7-6e4471a81ecc,e61e9367-d03a-4532-81f1-30e5591d2c89,78feeb41-9e41-44af-b63a-984858619f9d"
CCATGCAG,-,1,1edded66-f861-4462-8ecc-a3d133c44c82
GTACCCGG,-,1,966d4178-e607-4146-9343-2e9c1277d91e
GCTCGATA,-,1,56eb1317-61e0-4615-9df5-69a7c43098f7
CGACGCCC,-,1,28927df8-b015-48ff-a98a-eea696543fe2
GGTTTACT,-,1,4cbdaa5c-04ff-4ad2-b3c5-9adaa97e7f34
CCCACCGC,-,4,"275bf13c-db42-4afa-b889-ca7352e5b224,dfd31dd1-87bf-4405-89b5-bc4f9fbddbd1,f97171d5-d372-49b7-b5fa-cd53d294ab0a,23199f08-b717-4b67-a774-7902ee998aef"
GCGAGCCC,-,2,"aaed38e0-9533-4d24-b965-159c81ae4443,2fcf3070-5d99-4050-92c7-74b13413c7c6"
GTGAGGGG,-,1,32e599f2-a4ba-4b48-9f9c-7237484acf50
AGATGAAA,-,2,"72d7e85c-b7a2-4b97-82e3-96df01d4da24,42bac011-3e56-46b8-b3be-ef4946656ef6"
AGAGTCTT,-,1,aed21189-e5b8-44ca-b8cd-390cea59ea0f
ATGCTTTT,-,2,"3dac33a2-b56b-4e0a-bcaf-89f5c49a8e86,4a27ff51-5f03-48be-80aa-1a89d6e88da2"
GATCGAAG,-,1,2f176e32-63b3-49eb-9961-732ef8b84245
GTAGGCCG,-,1,fc0de91c-5aa7-414e-824b-edc01898b1cf
AGCTAGAG,-,1,0ca7a35b-e1a8-4518-b89d-9e6644680fcc
TACGTGGG,-,1,e9a7f47e-57ab-4a62-b495-e872ff8bdfdf
TTCATCCT,-,1,bf6c2c41-92dc-4530-919e-535dba4a7157
AACCCTGG,-,1,02e16b22-81cb-4f61-9c1f-fc934994f55f
CAGGGAGT,-,2,"9b7b98d8-0e71-4497-bb40-3a295ab22453,d1be8ce1-330b-45e1-802b-a0de48ec8d4d"
CCATGGGT,-,2,"b841077b-7859-45d2-86c1-439dd212e7a5,74aea128-88fd-43f2-9165-3f9f756df409"
ATTGCAGC,-,2,"73c55b3d-537a-4273-b421-e8b83eb510c6,6990a60e-6df8-4598-a35c-34c89b8fc964"
AGTGCGTG,-,1,465857b1-849d-4feb-8e24-ec99901d2960
CTTGGTGC,-,1,2ec6c975-8888-4da9-8829-08f842b8ac7a
AAAGCTAA,-,1,c16838e7-b8c9-44a8-afc9-42da49ee13a3
GCTATGAC,-,1,f3793223-7a3f-4649-9cb1-7de1e62b932f
GGTAAGTA,-,3,"0b7b05ba-0cd7-463f-87e2-0d6157b91671,af51279a-3442-4d4c-918e-0de4b2c3ed23,6466a8f8-b824-4415-b54e-72e5b538b65b"
GTGTTCGC,-,2,"df49a9ce-2c3b-47b0-b293-81452e62f600,aca024b1-2fde-4524-ae8b-1b68e6b7b546"
TCAAATCC,-,1,21e42348-6fd7-4213-812e-3e127bb0de0a
GGACAGGG,-,1,907354e0-a84e-4935-8537-bd331e2e0935
TAAGTTGA,-,1,162bf02a-19bf-403c-bea8-bc12c9e2f9db
TGACCGAT,-,2,"83dc9fe7-08e1-4513-921d-2e7c694769cc,d80a5047-757b-4603-b8fb-724e32ad8890"
CGGACCTT,-,3,"fc10fdd1-efba-424a-9c1b-c531d124e154,f302cdaf-f9fd-4892-a4ea-dac1055a1964,23dd15cb-d63e-4eb0-8107-4d242822a751"
CAAACTCT,-,3,"2db1e10c-4909-4235-9a7e-a65442782ca3,2132b5aa-2406-4c8b-a485-173314d2581b,d6522c33-edbb-4f61-83a3-2e9b81e4d191"
ATCTTAAG,-,1,906edac6-da96-4c30-b8dd-70a07e44c6c0
ATCTCATT,-,1,5731300b-3bec-4e65-a381-5873bfa45681
ACTCAGTT,-,1,2b8ca6c8-da12-411d-8186-21ebf3a4959d
GATAAGAG,-,1,c9d9037f-9733-4daf-80bd-2564d43dd2c0
TTACGACA,-,1,924e101f-07a3-499c-8c73-a01ed1ce2486
TCGATCAT,-,2,"bb31d4a2-099a-439e-84d3-3e06c03d3d53,b7337f5e-3035-4216-b901-8927dab0739f"
TCTAAACG,-,5,"20908652-054f-4b5e-a5e4-e8a73d8f070c,c642fe0f-794d-4378-93cf-c672ac5dc2f6,cc072a9d-d077-46a9-9bbb-321466cb50ae,863ede56-4cd9-4e9d-9ebf-87d908a3a9ee,5dd2b4d8-2d29-4cbe-b774-86ba254d58e6"
ACCACACA,-,3,"cad82d40-7fb0-4a42-ab7e-ec357e99de95,8c1ead06-8d87-4dea-8680-d6a9e8dec686,c5530af7-79d6-4145-bf0b-ea70b0921e72"
GGAGTAAT,-,1,684222bb-ce97-4fcd-b74f-e32e6b472622
TTGGACAT,-,2,"faf441bc-b13f-4f80-a781-dba740bd8a58,774eb285-f535-4617-8f03-14c07b06df62"
CCTGTCAG,-,1,f1419568-dac3-4779-853a-5f8ea330f55e
TATTATAG,-,2,"138d8e05-2d97-45a2-91b2-293711082367,4d9cb6ed-1f2d-4f09-9cc5-1bf58d483b5f"
TCGGGGCC,-,1,4b0490d7-5e87-42a5-91cc-e6a4163457aa
AACTATCC,-,1,c7521e06-3a99-41a0-95c4-cebb21f58ef6
GCATGTTT,-,1,1d464067-d1b3-42d3-9b63-422a34bf7f84
CTTTTGCA,-,1,a55aea62-fdc1-4a77-8470-18f557a14c50
GTATCGAG,-,2,"4abb3174-b9d3-415c-88b9-cd0b578a25fa,f15b8b59-e0aa-48e0-9e0a-ed057fd3bed4"
GACGAAGG,-,1,67bcb6a0-3fa9-4524-a5de-1360598bc67b
CTGTGGAT,-,1,e3870437-207b-4e54-9306-a9552f9bcb13
CCGGCTGT,-,1,bd5a8594-3168-4dc1-902f-f47f0964aac2
TGTCTGCA,-,1,ce4ce672-8c75-4640-881b-31b91abd3e67
TGTGGGAA,-,1,2b2145a4-1fc4-4c0d-955a-3594c52ebfb4
GGGATGAG,-,1,ff81ba59-c4d0-475b-8305-ead5fd357522
CTATTCAC,-,1,e8f2d733-8a8f-406a-a6fd-0942548aab2e
ATAACCGC,-,1,5c37a4b4-94cf-4d33-b938-4fc9989680ac
GAATACAT,-,2,"eb239f1f-f7a8-44d7-a455-9c338b6446eb,7c79de70-663a-4fad-ae3b-4ff62a7a4ae5"
ATACTCTG,-,1,8cb537f7-8b60-443c-a59a-30bc0004b696
CTCACTTT,-,1,bd4e4b9f-0ccc-46ae-927c-85a9407991bf
AAACTGCA,-,1,4b758b1b-9f5d-4952-b2b2-eb417f74a7e4
ATTATGAA,-,1,f0d23146-afbd-4f24-80f2-6a8c01306ee1
ATCGATAC,-,1,98537c31-3336-4d06-a523-9c34a21b50a5
CGGTCTTC,-,1,f944dce4-7078-46c8-a449-ecc15f4ebeed
AAAGGATA,-,3,"910e9541-08b6-4f32-90b7-3da03c4f5490,a7f0edd6-1f6b-4122-b9dd-c1c33c698137,953f4661-7021-4765-8f6d-4cc6cda88e6b"
TACGATTC,-,1,51dea3c3-73fd-450a-a685-13351fb90327
CACAGGTA,-,1,d3beb3c4-1d72-4103-bb8a-f43f55a2044d
CCGTGCGC,-,1,1ca30109-7f70-42fa-b28b-7e337d84defd
GACACTAG,-,1,22d663f0-9fc1-462f-9b7f-f891382da847
AACTACGT,-,1,6a63d60f-0aa6-4372-87a0-52388ed369f5
GCTCAGCA,-,1,b134a9a5-9099-4075-82c2-c1ef35062a0e
GCCGGCCA,-,1,84c9e8a6-1afb-411e-b8f8-c7a686550015
ATAAAATG,-,1,ddf4d3a6-8519-4d54-b99f-12d8906d7237
TCCTGACC,-,1,ed9353bf-999f-4cbb-8612-8e9f36ec1ad7
TCTCTACT,-,1,a3673782-dc5c-4da1-879b-9271b4872465
TGTATACC,-,1,c4e6aab8-2da6-45e3-8417-4926c90e179f
AATTGGAT,-,1,24ed2df8-ab6e-4abe-907e-1f1dac3722b8
CCATTATT,-,1,52fcc61f-05e4-4599-b2b9-e4d1eca32a97
CGCGTTTC,-,1,bc7560af-e681-41cd-80ba-d6e045757534
CTCGGACC,-,1,0efd50f5-9401-4e59-972d-d85192fb55ba
TAAATCTT,-,1,feb4e6c6-1681-4cb6-8d52-e3a0b1c89e54
TTGTAACG,-,2,"8839d021-0594-4910-b901-8f6a8af9c41e,be7497b0-f2b5-4352-8121-e2a5700c033a"
CCAACCAA,-,1,ef593c43-f777-4bce-aa00-fc118dc5104f
GATACCGT,-,1,3681a67b-c63e-4caf-bce5-3365a922fe4c
CGAGAATG,-,1,7e4712be-ffa7-438b-8684-d19f92df54fa
TCCGGCTG,-,1,0810f565-5879-45b2-a9a7-b0d7b1b88b72
GGGCTATA,-,1,5976a5dc-7ee2-42c6-adc4-915656cad1fd
AGTCTATG,-,1,dd9dd108-0d79-4220-86ae-d848fff002d5
TTCCGTTA,-,1,ca9bf29b-dd95-4be7-8635-34f76aa9f5a3
AGTGTTCT,-,1,0c6d4ce6-8f99-4095-889c-d8d192c986dc
AACCTGAT,-,1,ec6f9ce4-642f-403c-91b3-10059a263318
TCTTCCTT,-,1,51d264f3-eb28-424a-aa67-f3898df602d4
TGGTAGCT,-,1,8513b6a0-501a-45c4-95c8-320f3207eea7
ATAGCGTA,-,1,5ffe9630-3a35-4ce1-a1ac-518413ee8ea1
ACTGTCTA,-,1,bfb9c6e9-3a4e-4f4e-8066-14ab91624cd4
CAAGCGGA,-,1,fd09b095-12a4-454b-bafb-9f001468521d
AACAGAAT,-,1,260b0369-8639-43bf-8b67-052377458bef
TGGGATCA,+,10,"0e077fe8-1f97-4cb9-ab1f-5c59bb41134d,273b0516-1193-4a28-82fc-e888acb5a7de,77ce57dd-60ad-44a7-932c-2d906c37620e,3df5555e-73b0-4285-8268-ed1e1dbcb1e3,3dac65c6-eacc-4763-9373-23a6295108b8,5f798909-2504-4b8d-87a7-c4ec48e00d5f,6661ec6e-8f3f-4893-9940-4262211d05f5,84966616-1a9c-4ba6-9674-68d40ffa1238,6e7f63bb-f3fa-453e-91e8-b25cece5c0b7,88ade568-32bb-4666-bd9f-fe6b31383fab"
AAAGTGGC,+,1,e5de40a8-454d-42e3-bae5-e0762e00c5d1
CATTCTAC,+,75,"40c1a4d1-dd4f-4c24-beba-417a35371b8d,e407fd2f-5fd6-45ec-a29e-9547a10947c1,c40e0bbb-559d-4951-926d-5fbfebbf3876,97c04fa4-7409-4027-84a7-4c9f944dd833,705fba6b-20ad-4cff-97f8-5ffc68ac3a3a,92559206-5f80-4cfc-be13-9bd056805dd6,b3708c32-d61a-4d07-9938-5c9b4167e8ea,542f0f55-5fda-422e-9166-8e79fd92e6a5,1f960f57-a94e-4203-a201-2929c1d0fe74,d906fc9e-3edd-4ee4-bc12-91b0a381085e,0b29534e-b73f-4ccc-a230-bdfae723850c,1a920c0b-d1bf-4f3f-bb7d-52f3f69860db,84b55cd4-8893-4e9b-9683-22a5d3aa5ceb,9af445fe-24dc-4fc3-89dc-8ab5bfa7c04f,7cac62b9-f271-40ca-9a49-3d88224b1548,d18f25b7-68c9-4188-8ba6-c8ea422802aa,99a7222a-ca08-4f0b-a783-5c66c7b23005,bbd70526-60e9-44b8-9fd3-6ceae6ada781,f2823992-807a-4cc0-bdc9-054d691beaee,cb216550-b4d4-49e8-8425-e94076109ac3,1a1069ea-c000-4602-b111-aca7f4563d0a,f03a8f04-db4b-47f4-a6d4-edd3198579e9,8a987231-8e7b-41b0-93f9-b47a6ead6f31,ed48ae23-2b89-4c0b-9a47-e367c359d7b7,6aae46f1-dd90-4b2f-bd26-2fd296fe49a3,4e9e31bf-869b-40cd-9c33-51aa01298770,435d3467-28c0-49e2-88c4-597822d7143a,415b5c8f-7baa-4cc4-991a-02ee5f2fb1c1,592bb9d1-48e5-4cf9-ae4e-ffc418767485,9f812779-8eb5-466b-aa1a-0d7a3b6e0a08,9dfc8966-ac93-4b4c-ada2-f221b024daca,63ac4b30-511f-4e2f-a308-cc74f04f2f25,6977c2f6-cc37-476e-bd15-93cc1acb9166,e6cc2fa9-b282-459d-bdd1-c87d368e9626,31568809-17df-472d-8642-89a227580c1b,d312e20a-1d1e-4755-9c4d-f5e596a9e477,c62415b1-5a3c-405e-a44f-e0a0e06921be,213d9836-97d4-475a-85d3-4439d2237d88,17d85cb8-1669-49db-b552-64aa50ea9c5f,e5a7cee7-5a6d-4346-8c07-cbb386ea593b,3dfff5b6-28db-426e-9077-60eaa6166c25,4990ce76-e3a8-4a47-aa8c-1e882a4b46a8,56533e94-c45f-45a4-80fb-931a6510e5ca,1f6af51f-d1a4-4a43-baf7-8cda319de37c,160e29e1-5d00-4b93-8ebd-adf9ceb923ab,5ce9fcbb-d273-47ae-932a-2392f40adf2f,048a79ab-01de-4df9-a0a1-5ee1a7929d5b,06d8c616-fd2d-41dd-9354-0700b3f94131,0c09c81f-02dd-49e6-891c-b54212fb258d,39d12236-bcb8-469a-81ef-79bedbf133e9,1a489db6-4a09-45d9-b15c-5bd7280199f6,f35841d4-adf2-496f-81a9-d72506eb43c2,8a8d4508-92fe-450c-9e06-6f47d25245d3,5adff7d8-ee2d-43cb-8733-e523a3daaa79,965a3d39-1af0-4211-a0f8-b8aee7394a51,3a6707a4-c420-49ee-83b4-6ec67dc62983,31958728-c4c2-4176-b76b-be4c294ebcc4,da7cb455-440d-4dc9-b136-17e45b8216db,b15ce328-7560-451c-aeb0-2fd671062297,9e73565f-a117-43d8-b2fa-39e1394ec2cf,33bf609d-6d1e-489c-b062-6a06fe1a82b2,82075b39-1239-43c6-9250-ea4e7ee84eac,181e2836-2a75-4823-ba58-50b11023aee9,d33a6f74-c7d5-4410-be39-524bdd527343,9f29e8c5-41ce-438c-b1eb-9349768c3280,971ec94c-8c93-4efa-bd2d-d0b0e69ba82b,717d2ad9-6a9f-49bf-a5c6-92baa83764fd,7a40ffc8-4f99-4eff-9eb1-d82afdd0f53f,91077e93-73ff-446a-b131-d03cd1efd2a0,b477d706-dae6-4b7d-b38c-11e44d263720,c4c9a10f-2dcb-4510-80ce-aac42a860ddf,5587e5f1-a8c8-4b4e-b1d3-347578a73ca6,a4cf148f-35c1-4634-8f08-b424319d978d,54057c89-45d1-489c-9207-a93424a11797,c64d4973-3ba0-4627-b20f-b627337f72a6"
ACCCACTA,+,3,"e1780603-12e4-44b1-b248-ea827fff3d93,3a3a22a5-6f97-4ec5-9ee9-65c5ac3a4c65,d005026d-79a1-4448-866a-dc7f484d6c1c"
CTAAGTAC,+,2,"e71be03d-6b2b-4b7e-971f-a7158f425eb1,7fe87b44-0503-4614-b854-af6a55c084da"
TCGGGCCT,+,4,"f0407c93-32d0-48d2-8091-9f40b3790bd0,838fb585-118c-43cd-9a1e-5901a27286b8,5e7c0bb1-0d52-46d6-9026-912b201b1201,492a63a9-b64f-4b31-b780-b86cc9b21d05"
CAGGCCCA,+,21,"fa29ee15-4c0f-4fc0-b317-ff8e6d3e661f,25c64ae3-dabb-4de3-b26c-1d3ae8fee0b4,50f80fac-2d39-48a7-9758-1a11f517af5c,fadc7206-533e-49af-a59a-8751e61e3a5b,667944ec-e3e4-4a8a-ac7f-29ead4b77c54,2b79de8f-6bc9-46b2-8efa-9929e57cdfe9,79bc8621-dcb5-46e7-8d66-6db99070f22e,01259127-fc19-4c3f-9c7d-d82a9ce9ec34,622c9209-c9dd-4e67-9dc8-80186bf7d633,d9381dc2-8b93-42dd-b9c2-3a303e2bb79c,cec7c3ed-169e-4f1c-9b90-fc311247ce53,52668176-9a17-443c-b0b7-e90aded41121,976e689c-d8e6-41db-8e67-ae577176cad1,59b20fe3-46ea-4a76-841e-d025e72ca151,2530b175-bae1-4c38-b7f4-3a19b6972f1f,375db11c-ce57-490c-ab10-642cbc7e2875,8857e175-bbb1-4d49-b862-101f99e38c8d,5932c628-9ed1-4df4-bb28-5f0032e65e3f,ae3c22f8-e8f0-42f0-b8bb-15451d9c6de8,b960e5f5-91ba-4460-a199-0c755f45519f,bab7a12c-393f-4358-8fe4-bc45c0a7a1b2"
AACGGGTT,+,38,"12fb06c9-100a-427b-9cfe-9c91627c7e27,4d8f4b05-c5b8-46f6-a9f0-deec90fa6011,bfa8872c-d76f-4672-b00b-d2fad808e511,00dda326-aa1a-4d9a-9979-e9254d18d371,24ddc742-07e0-457a-abdb-479bb0342d81,4993aaa8-8c31-4a68-820a-62d0ea0a3284,52db4a34-1ac4-4868-8c24-99b1a34911ac,fd5c4929-8a2e-4bb9-bc43-f5981782af04,c641ed6d-3e7d-4790-9c47-cef3a422f22f,9ddd03ed-1b0f-4bca-bb3c-f6288bddc89b,0cbbdbe3-3526-4482-87a7-8767788682fa,a7c6cb57-1884-4496-bb3e-40043cbdaad2,93ebd64b-6bf6-4e4a-b921-fd50f600ca6b,b745a461-3195-4969-b647-ed3332d81525,4bcfb331-603a-401b-9192-2d714f17cfd8,efb9aa3e-d449-49ef-b46f-54968f0ff1a1,0769b57f-6e48-419a-bd13-c9e23cf0d1ea,da603265-a74f-4280-8194-26d58e59d3cd,d10384af-8b1c-4915-9de6-5fbe7b560695,32eaa7d1-0442-41ef-85af-246969a1b7db,f908e765-9aa6-4f0e-903f-30e8768d11f6,85065fda-2a6e-4d00-ae73-457d2d02ca84,54912314-a683-4704-b911-aff637609e30,95cdb754-fd71-440f-91a7-4f51f77d1349,f0479b30-37c5-4178-a842-9e7ce3a64e40,b553e432-78ae-4205-914b-998675c5ab7d,d6c8ef5b-9447-48a5-aa63-36bf763613dd,ea3407b1-ff41-4388-8da3-6e9c6a5b701b,0acf4ac5-c94b-4e62-bcec-49d130293cf2,0254c096-022b-4644-a565-03dfb0960b5f,8193891f-d3d5-4a61-9652-4794376333a6,b3b44663-c4b7-4e1c-91f9-c5e2861a5f68,fa9f69a0-01eb-445b-84e5-18da75c7e3f2,33cd8882-5c1f-4031-a609-7e966773166f,22368ca9-708a-4c8e-bfa5-7501f2bf08bb,4a4f03a9-0bcb-4ae4-b413-e2f06a1e936b,1807c7fb-3685-47ac-b2a7-75bac78454c5,352c652e-357a-428b-90b5-4172974e974f"
CTGGCAGG,+,37,"90a0b718-a3ee-4006-9873-b9b1b1020f9b,6c43bb30-2e2d-4602-83e8-6c35e091c31a,5f749cbe-75c0-4046-9b92-d462b345c3c2,a1ee2df4-a93b-4904-80e6-1b7d7eb6bb04,79d517de-3b23-441c-91a5-fba02abf7f8e,12e10a7e-8085-4187-8ea2-50a6a18e1f8f,e105fbf6-eec7-4b2e-8a2d-91cc86584043,ceac1870-79f4-46ae-8ea4-cb5041d78fa1,9d565b51-245a-4b33-bb91-b1c998df14ac,83021d29-58cd-45fe-a219-420407f67e36,40b40e3d-b0df-48ca-88e4-3468fbb34ee7,80b6b218-aec7-4b9f-94dd-07f01437d411,72bcf0fa-5205-4273-9d0e-086752c8cc08,650d00bc-41a8-4c04-923a-b3e9609c1f48,5dea270d-af3d-4132-a032-540eb21608e2,8d17c5a9-ff99-4a32-96b2-cd7ac4b35041,8a055670-2c56-4923-91a1-2d3b81e4480c,5e375233-b2d2-4a1f-be4a-d14bced4cdc1,cc3f3ad4-4795-47cb-9a7c-1fae8a0ca70c,5ebeb925-3b41-412b-a528-35caf1bc6994,ecef1313-4ce6-4339-b317-49ceed666031,11d0d976-9dde-419b-ac45-cc2d828e69bb,83cc3494-1219-4391-a640-24456f77bcc8,77127f8d-946d-42cf-8a92-830174c0e50a,7b69c58a-995d-461d-a01c-da6d951efffe,eb451ff6-8787-4d5b-a38b-f4b4763b28b1,01a280b8-d5c0-44b0-95c2-401097896cf2,2b3154c2-cd26-474b-a8ea-afd2eebdf8fb,dc7be9dc-f210-4ad8-ad3c-1901673eb58d,c9042f8f-e7a2-4040-b09c-fc1145572f18,22ae474a-3a68-4170-8557-19f1749ad629,42c84dd8-b526-4362-a27f-bf142fbfec25,923a6322-8e86-4549-a5d9-3ebf696f4407,68811b16-582d-450f-8407-b8f77ba93507,c6029587-8cca-44b7-80f6-1d727bb7bf25,445e5f8c-cf1c-4147-ba2e-112262c9a4e6,818184d6-1e94-45ae-83da-0f667bcecacf"
GCCGATTT,+,101,"718868dd-f77f-4801-891c-90a996c2746f,bdc58a4b-5f26-45d1-b181-d1865cc62e81,7352286b-03e7-4ee5-aef7-6119f1ad722d,1b2db853-25f0-4dbf-a2af-3c30e30dfeb7,74fb82cb-3ee2-43be-bc19-0b320e6fa655,f25bde8c-c926-48bd-966c-4d8a8a9f9993,ee3d4c7e-3f7e-4ec8-a7bb-d44b6cbb0ca2,73a8bfe2-3a08-40fe-bdb6-87101f58c550,477bff63-c96b-4394-bd9d-d52124ddeb6d,039b25bd-1abc-4987-9703-d98ee3471d33,45fe3ded-0d58-49f7-bd74-eac0897b4e11,c71a76b0-8ecf-4fd7-91dd-cf388b247d0b,372c7bd2-3721-42b7-ab95-a1e74a27aad1,46f4e19d-29ef-4678-aad3-4868e6fb19cc,0450d043-db6a-4aa9-8c86-b4a3eddb5e1c,36d124af-d276-468b-91c0-47d7974c9337,f385c6f4-0b4b-4a94-af12-16e69339b52f,e7242a91-0a00-4d49-bd38-78a02c087deb,620772ae-b654-4dc9-bc4c-b53efb64226a,f7bf912c-4a56-4236-9b1b-d6a6bbcc4821,08cec63a-a38a-4797-9727-382661b4cfd5,f8b5257a-a9c4-4af8-b0b2-ea3164dc0f04,2bc93b11-bbaa-42c2-9674-cc37c77d19a4,453de923-abbb-4855-82ef-f6d2c2fcf0cb,c06055af-4246-4cfe-a4d3-7df7e2be51f4,12e140f5-f5c2-409b-9d71-abf6c41b6367,7ed8fdf4-9ad9-4e13-843b-e57b20f00070,0a91c6e0-4323-48ba-a65d-67deb688e569,5ec40961-5474-47aa-b860-2a71fafd3650,56fb809d-aa12-4dfe-8fa9-0c9f1979ecc6,877b1c7c-5077-4c82-b51f-61051baf3224,476a44ce-ac51-4d9b-8af7-1caca575f0e9,39d168d3-d21c-4f17-a939-1d8331d76572,6bf9e383-97d2-4c9f-a170-e0c59b2135e2,e24074dc-2203-4f63-a976-2c568fc353e0,852c5de1-7dd4-47f8-9280-ac8fb09af00f,e2127d6e-b165-4159-b128-a63756f56039,cd0949ae-a621-4021-bd87-64cc6d1cce8e,fa78d100-6e5e-4485-96f8-00c77af5f3ea,fd2d26ed-2991-44c7-a1c1-c5dc3169d120,38b2cf7b-bdb9-4760-a78d-bdd4dcc3ed53,cbe9388b-e01e-45c8-9af6-f7174d1bfc81,78100e45-62c5-43dd-9655-319aefd57086,b954e623-0fee-48a7-8c5c-10981d310324,63d1d4ef-64bc-4a25-9001-a3736885e75a,7e7b39de-98d5-40e6-ad78-5e0bd9c37939,d6bdf3e6-18a4-4960-a981-045eeba7738d,1a412781-d099-44ae-a5de-b4a32ffe8a80,25519478-bf7f-42e2-8ccd-fc2ba0ec965b,f1e7c76e-97f9-4cca-a1dd-3271df6b81e2,fc6eef81-5667-4119-a668-81d12b893944,944cb065-6165-4995-b7b5-4355b1a4685e,54e2e74a-f6ea-4ca9-8f6e-7994ab763de1,ec627d2d-47d2-438f-a66d-bbc15b803347,1c808863-74ba-4c95-88a7-2d410e15b923,0d708675-551a-4aa2-9eac-800004e6d297,e1d79fc3-546d-4b91-a437-7228af5981d4,669b5b39-db8a-4ff8-b4bf-8a0aa9adf816,98b0dc07-efa8-4733-b60a-0539bb39da7c,732d330a-5bb7-4418-923d-bbf34e8f5f19,0bc8bd96-6c53-48b8-894b-5a4ea08f2370,68813f8e-5430-49db-9f4f-37242584543d,2e199324-771d-4f56-b1e2-1c1116adc47c,5ecbbae7-7f3d-4eb8-9e75-328f51368234,e499b6e6-6a62-4e40-b338-e39330c108f6,c7952ab3-5e55-491d-b35f-8d33d41f3a07,11d60d8e-5840-4c5f-84d6-bc90bf18af36,4bfa8a82-ff7f-47b0-aa12-8ed3f7d247d5,09c8ad94-1c03-455f-af66-f2b80bba4e78,041d2bc0-21ff-4c46-941c-b7f26dd2d4e6,2e10e0d6-fa05-4219-b06a-e7c9a81bda3e,4802c929-a7e9-434e-8d71-d116b738ee72,9c67184f-6930-41cc-b035-177f274c9649,8cec8c0b-6b93-4e78-9eee-7a759709c8d6,54f41bea-0c24-48e4-8d0f-4df817fb0a5e,9f74fe2c-154d-4b96-805b-39d6e72f323d,dacf45fb-6485-4c06-9099-df1f9db8449f,65e51e12-b967-4fb3-b658-4e94fc5c41e2,4ba0e59f-9161-474d-8ed0-3c2de28eef3f,214fc019-19cc-4b40-b09a-8d648d138960,230cd006-2060-46e6-b3f0-cf01462b38db,c5c39667-755b-4092-831d-81d6d1cb0502,58dac1fd-2093-4952-85a7-6ff4257f0a39,29e3766f-7e32-4c16-85a7-cabbb8789dd8,a55e3efe-9b87-4f5d-8f57-66664a304350,bfefc239-fad1-42ce-930a-7201b9b425dc,989d90fa-1bf1-4897-b1af-94bb3f0fa30b,646ec96f-f536-4c35-b312-322698728ad6,3425af73-55dc-4bfe-8af7-fd9ac1b6cf33,5d5eb029-4b60-479c-a9d9-d235d90bd524,b2642ffa-ba8a-4d36-aba3-011724d3f1c0,de09edb7-ddfa-43df-aa70-effd366c166d,920d62df-9a79-458c-9596-36c445c1fb05,2ec7f778-72a6-4a4a-9afd-d836e75416fc,a99d1fe8-9744-4ca8-91b1-b1673ecbe241,506ee51b-950d-4c28-9aca-45eac0b94102,77553308-3218-4b85-b467-09df26ad6b7b,7f6cdcd4-199a-405b-85e1-c2c249f98e4f,2146c5c1-2022-4f42-8fad-c965b7a8ef20,18c50377-b5de-466c-93d2-beea84de81e9,7ce77e45-944d-41f4-ad30-a04a7450cebc"
CACCGACG,+,94,"a06b962a-d9d5-452a-bfd8-204dbc540970,2e4c3bad-a04e-4a34-a0e3-7fb80825b23d,da7512f9-9a4e-4131-9a52-d3b748aedf20,0794a8d0-375d-4374-a510-5e95296fab66,60f9e8be-e38a-430f-97cc-43a17c13911a,9f2e79fd-5ede-499e-ac3c-a7299c1b2424,11fc3525-8c7f-46e1-97ae-d95459a31c2d,cf8fb9b6-ac85-4652-91a5-8004c8de3e19,7a7d53a3-3710-489c-b0f6-41683948673b,8baf2b16-c7d0-400a-b3f5-6cce43bbb9db,b6ae800d-05ff-4876-883e-023de437cb7e,fa7c99a4-8502-4059-b81f-b433ab21e328,001ec617-a776-433c-8502-d1f9e97cfb25,df84a233-2d31-4d8b-8db2-f2e0d0fe674c,b67da396-289a-44c6-9d29-435ff36386bb,11f6bbae-c291-4a9c-a51a-6958e0f17311,1ed2638e-5d01-477c-8e32-5e76078828c5,d7ddb813-392b-4f15-ad07-332cb2cfad49,c9562c38-cc5b-4b3d-8d3f-2e297a4089f9,1fb61560-1f9b-4fbb-99cc-0f9dda4fe753,d86f0c2c-7feb-4f1f-bb4c-7d6fcff57daa,de393953-12d5-4e33-b86b-f2898ca0472b,b5e7b2b4-4a69-4aae-9f4a-b4fb2c008b2a,4e15b85b-4f6d-4c0e-bf40-cabc767e05b7,241fa6db-bb1b-4c76-86d9-2d976099a894,2242f48d-cd35-43c2-a24f-3e07df5783eb,57fb1271-c902-4408-afca-6a6dc708bc08,1672579e-4924-4e02-aba0-eee4069fda05,23e374af-effb-4bb2-9128-84a1aee47d7f,4fa7125c-3a1c-40ce-8f33-0504670855b9,f281ef04-5b6d-48d0-914f-4c0c006f9d10,48eac1df-7918-4242-8164-b3d7c34e3ae4,5d0a80c2-1acc-4ffc-bbbd-30b08681580c,8fd928f2-11e1-4a7e-82d2-e48d9658318c,d248e838-d6dc-482b-bdf1-6c165a12add1,7edd6599-e3a0-488d-9b4b-e718d70dbfb7,43c9d780-30df-4706-8331-44af68ebba91,d6e8576b-a0fd-48ac-bfea-3906109ea7b3,83399cbe-3a57-437d-9dff-10ddefb6f9de,7c74b79f-21cf-4192-a481-500f9525ada9,fb72ff5a-99dc-4fb4-8ff5-0f85a0952ddf,91bbdcbd-bcd2-4cc0-baee-a1d2a73e1954,37b9cf43-b27c-4230-a19c-68d9ff62a5f3,5b32bac2-1f56-4c78-a6f9-8ad860eb52cb,d20be40b-7562-4738-8601-197c21ca202e,c93520a6-e36b-448f-9503-5a74715f3dc5,fe62868c-71db-4d27-9420-6c997c738497,7a10d295-e976-41c4-b43e-9492d3268158,466a57bc-648e-4652-85d0-5f385d8dff53,90a7f35e-917d-4208-9b17-e560a5bffb9d,b31753b4-e500-477d-9adb-0243981662cd,6b366144-4090-4538-8167-43daa65387fa,230558a3-8b94-462c-a379-51ec46378a9e,7d3b3e73-c320-4b7f-89c6-62ecc3569ae1,7bd0ad57-d662-47f5-a653-73760536c929,49e0f312-1d8f-4380-8fd8-d5d696990895,36d2279c-d43f-4a35-8f11-c75d77302788,3bbcbf5c-7314-4844-903b-19ec716adcca,8faaf89f-ad74-4fe9-b44f-607334bbd67a,ccef90ce-e764-4fea-b6ce-988857e1fabf,f44d439e-73e8-47a4-bd43-609dd70666c5,01b83b96-3ee9-446a-98b4-c2dc2e23d99f,9d29da28-7828-4bdc-b8cb-d2a6d3c6ca4d,6170ef2e-1e48-4c2c-962f-b9720606b806,8615c182-a300-477d-96ea-c0797e2322cf,0b972048-dc44-4182-860c-395cd2bb1a8d,6d97f54c-dc39-47d6-983c-8b1ae627e9bc,125d0e7f-3194-4300-8beb-f648dc105fb0,2c742173-affe-4a07-b9d3-e4ce8cab8693,006800fa-4c07-499d-8726-2aa80d11e377,c7c386e3-214c-47c5-a822-00625e927327,1a20db6e-e8fe-4b4d-aeac-86a08d7d4cf9,dd0d6096-84d4-424d-9a2c-d926dead57d1,6bf0c6fe-7957-430b-a538-03d313701876,1741b055-0ae4-4dc8-9213-2bea53c13273,2bc6ece5-1472-4131-a14c-2a35bdfdd779,8fc70d93-5d77-4c68-94aa-63a0bffdb13b,4b771525-3031-4794-a08f-40a0c8c9703d,2ac1daed-cfe3-4da9-b69f-bac7b2b4ae80,3749fcce-b571-434d-9ecc-dbc44c5e6858,bd858d01-1aa4-4b0a-ac91-4c5d40bf1863,fda0a4fc-bfad-4640-aff4-615bc8463a9e,1c2a8de1-e89a-4521-bd07-1d5896955f23,d9d06c96-6a33-4f0a-afe8-9a781e311dae,1a71ff91-9a97-47ec-9ba3-1c5900267a92,fd4dfb5c-8d4f-4d29-90bd-1d81d0c1a8fd,89863ab6-f694-485d-9f23-96dc8f29d076,6f3a3681-95eb-49b2-b78c-c2de21b247f8,e502e7bd-9e84-4069-933b-cf957f9e4c3a,d034fd1b-c191-404a-96d5-4085d9056f93,8bc5f72f-1128-4c0b-8720-3a82e8fa361f,a613b1b9-a310-49d1-ae17-30bd9259c86a,5293cb12-4b2c-44ad-ae84-75ea0da3fd12,7ce0fb6c-4d54-4e9d-9e50-f663905cd2b7"
CAGACACC,+,24,"1f419fa5-3fde-4eb1-a658-79d961da8bef,692fb109-7ae7-4292-b337-281d84b36b74,50b8606b-2700-4d1d-a19a-c38559529274,9ddec725-afe0-4a67-b4d6-58cdc77a747a,04a3d10d-c1ef-4243-8f18-6bc1042dd377,f138642e-ae6f-4e75-9369-d9ae29ba6114,1e4a2f7b-eeab-4bf3-814b-6cb1aa375300,86ed23b8-eb27-4d33-8743-fcd84cf3dbf0,7c11ff22-5bde-42f8-af59-d5f522babfb0,86462c76-5397-485d-b450-7c40dfa1cf7a,a232a4fe-6b27-4252-bb7a-14a06d3c6912,a59cc510-d930-4e0c-8d45-68aff4a5c3c6,59370e3d-2f5c-4ac4-92b0-80ac607d9ffc,98c7b053-5dc5-4fbc-a46c-7ec9b2f49cf5,bc0a9c2a-7e29-4134-a55b-b75222caa97e,6b412480-8b62-4a0d-abc2-87ebdf7d11fa,e96929bc-1a61-42df-82a6-17abf39f802e,cfb2a64d-a2c1-4897-a41e-dea3d5a5e8a7,2874ac15-4682-432d-a630-1a558ded76e9,fde918b8-5ffa-4607-96be-dc72e3c23934,f7326978-8f7a-44f2-9cc1-a777ed9e3b4b,32e15de8-bba7-4df9-b248-11f372b02b14,c80bed87-0417-4437-a419-a87e361b2825,ef5f2f75-b6c6-433c-a63c-c613e0250e15"
ACACGTTT,+,4,"ab6f307b-c558-4f1a-a01b-8703ca03c225,464b9644-0287-4913-b6c2-defeb9fb41cd,4a92f097-cc5f-4c44-b3a6-8ceb638bddf6,4468debf-d55a-405e-baa8-300d30b2610d"
TAGACGGT,+,29,"560b20c7-13af-458f-ba29-e6a2a44dd732,a98fee49-5760-49be-b8f7-48d4e38d823b,333b49be-80b6-4606-84fb-7e2a7448c68f,e479693e-d668-49d7-914d-1f0fd77f3ffe,bb359786-8a4f-467c-9a4b-dbe87fe017b6,4098b454-c89f-4592-b786-d9818b93c39d,3a08d055-7c03-4d35-a3f2-7131f8d89ac6,06c123db-215c-4f69-91fc-5e98029e8908,6a76d2df-2fcc-44ad-8e56-4a46baf4a110,04fdcdc6-9aff-4462-beb3-913c80cc54a1,ed411e0d-6799-441f-9b5d-985871a92fe2,f541765d-190c-4368-b476-169693b364d8,8d563e9a-2096-48ff-ab0a-9e3be1a3382d,784f643f-6966-4be6-a7fa-607012a95dd3,43bc70f8-a0c4-42f4-8de9-f6a1ab841495,2baefd6d-d396-4994-a710-e488683e55a1,621fbe8f-f462-4855-873b-57a1dd7617b6,8e7d42a6-c91d-4d40-870f-0de4bbe4438f,6c38738c-e1d9-437f-8874-09426567d5c6,63ffe40e-99f0-49d7-94e0-29a228cb36d7,593a20ef-0082-402d-9168-fe5d230cf2e9,70438ad8-64f4-4581-bfd4-ffb9b27741c4,8f741b5d-c705-4d0b-a5dd-50be76d79435,9c1ac50b-350b-407b-82e2-bdb1c18cff7f,377d4477-194e-4fdc-ba88-edb89b3f1f52,bca0a2fc-2773-4538-825e-2259b0793e43,5d22d649-494d-43cf-a347-f3ea9925db0c,75531d4f-97bd-42fb-a342-482346b59faf,2f625e6f-59e3-425d-8673-fde34a904750"
GGTATTTT,+,102,"4010cac6-6870-45cb-8c41-d8bdd3030214,fd0e632f-644b-44d9-b5bd-6cee3a65d73e,1e777dbb-6552-423c-9779-bca73d873655,2af663ed-d4f5-4e9b-a87d-3e4a0033ba16,420ab6ce-5607-43d6-9d0a-e2cf0352bbd8,f55ebc1d-814f-49ef-ae08-ee1dc3167c44,b3018295-a680-4a52-a361-8f3955c84f87,063a8ec4-1152-4c25-a047-b17e56023b0b,cb92e167-6fa1-430e-bd2f-7101e161a4a6,e71431e8-040d-44af-93cf-0ec08ef1ffa3,3b91cec5-ffc6-44cd-bfc0-9a227043e605,663e6184-6044-4afc-9cbe-e660b5a4bad5,d28a9b97-5b34-43dd-a9de-3452226a3b21,8f0c0077-1e50-43fd-ae35-5e44807f169e,5641f983-df86-4832-bd94-c6a55da92c9a,380e261a-3ad3-4b4c-a15b-0434ec7ec70a,e04a7824-fc71-4ff9-80bf-a5cabcc0e3ca,f999ae53-7743-4130-8b29-1c9b4c3f1cdc,6bc17c04-40f4-4626-ba9d-5274231a049b,e6a17ac9-12d1-4a6f-bea0-03458dadfa42,c77aeeb8-2ae7-4716-a240-d596565f1ff1,08396a46-70b8-4707-82bc-81c205d3c2fe,b2e11928-e678-4218-ac39-8f49468018a1,6615d949-04a4-4956-bfff-fe93952e252d,a715910a-ae1a-47d8-90fb-525b9f762aa3,f81bcae2-faae-4bf6-8626-1527ac896dd1,d7b162f6-cde6-4bbe-834c-2220df4f15cd,48ad25bf-4752-484a-a48c-b5b25a3de22a,0d886472-2ab2-40e5-812b-655a532a0420,d1adbeca-c7ff-46ce-ba62-71daffd84239,d1d2abbc-917d-47f0-9a01-e54cf4ff50e3,4b0a47e3-b2e8-4422-b13e-6d96fb546d7f,d2b7e233-5372-49c6-9ade-0ef746fa8add,6813cea8-6db3-4edb-bc36-c96df22327a7,76e13a44-d479-487e-bcd7-a2bf64bce880,ad475c99-8ed3-44fa-82b4-11c30ba8b019,95d68d6d-00d2-4a62-b1e0-729a0f6db9e5,1078fd04-65fc-4d53-af5d-23f164e12229,b8c06d1a-1d99-4cc7-b51b-dfeb4f4e039f,dfdf4e48-9edf-469c-8ece-7d356eefdd32,3e092aec-24b1-4276-a8d6-ee184ac4b7b0,5e58cf1d-f328-4207-bf16-3e889e5402cb,ec6f0aec-fc7f-42b9-b433-b2f615703f5d,94b6b72b-0481-4cee-9877-c1b3a61893cf,94ccf68d-6f73-4af6-b2bb-d24a58424f8d,f2e4f1a8-51e2-4bf8-8100-c914695c9a4c,25d46310-77ca-4969-9d9b-dd6d852f3c91,81984485-86d4-4c8e-8364-a526c51e0bb5,8245b734-f5c0-48d9-b1d8-8a09e0354d47,1be0d71c-2ae6-4412-a8f4-e279c8ac3b1d,3b05af36-6231-4163-a6a3-2cefb21d62cc,29280f2a-8a1a-469f-b651-16273c120ff6,f781fd6c-6f11-4cd5-a958-bac63ddb5baf,733cb4c0-5769-47ac-a7f2-e8dfb3baea35,5dc4b0b5-9183-4681-af09-50dd3d47f676,f4bd5748-b31c-49fb-b9a9-e457e00b1d8f,65676bcb-cd69-46c4-ae4a-da90e4e61a07,219f39a1-cf10-4daf-ad2e-97e6465fc990,d0f286c4-b7fa-406c-bdaa-837f967b8ae0,ac68673a-b966-497e-86da-49a063ae101f,956ace44-01b6-4e79-8d79-5edc32d9b5fc,ca31963f-87d6-43bb-9653-049f56749e5b,12129c65-fc22-4c08-b86f-b3793435d71c,5acd4ca7-a579-4acb-aafb-89cd4ceafd08,7014ca84-21c8-4dfe-88cf-4291784a5b0c,14b445d2-d049-4366-900e-7e1a7e9841e2,c106bfd5-7385-4a8a-8131-b6201697a6b9,dd9e043d-587b-4fe6-9e23-b228e2042fc1,41864765-f47a-40a4-8fd7-55da3ac5d821,dce3f6b3-ff25-4d8f-84b6-f6c5aedad834,8ff4dc17-0ce3-4d97-ad73-d2c8f4016ba6,01c7bbf2-95dc-434a-8826-7d584fce89b5,7e789fd2-c698-4aeb-9678-c57baa4829d3,395752aa-4441-47a8-8c10-f57a8564553f,e3ee49ee-2dea-4177-b384-2718e9af7734,d88e6f0e-7fe7-440e-b647-eb765b74b26a,179d4820-a63b-4019-b3c0-9522f1778cbc,a94d96f4-3948-4dd9-b364-12479bd2b2c1,c79b2874-6923-461b-8032-86a4af7e3ac0,63391936-cc46-4f8e-b4ed-36901a6a6f7b,9f364227-2685-4ed8-bf4e-911ef3312fb0,5451ec33-3dcf-4ab9-b6d5-28573e2f57b8,c569352d-c97b-4c92-bb02-0ef98f226f0d,5ae30a14-d81c-4631-b655-2ee9347207e5,3d11a0a9-bf79-4d18-bd5f-6a0098ce2aca,9427408d-887b-4d56-ad88-bc3532f91f86,8936591d-f5f7-450d-bcca-3b54e11deeba,2440fe61-9cfd-420f-ac78-ecb060b68084,14f7dbc1-3bf7-4317-8ba2-e1e7d783807a,35ce8fc3-34e0-4ad7-8abc-3a2ddc052b0d,5815c4f7-c44b-4bc5-be5d-b8e8affd7af4,2f0cdd36-d494-4682-8241-d81cacaeaf93,c1a715b1-f7bc-4c86-a9f5-63a338d3efdd,d2dfb604-3044-4ad8-9bde-a09bc32ced71,01ac2df8-c87b-4d19-9795-bb1b730d07d4,54b6bcc4-c58a-4441-b9de-e55994f87006,b775e96e-c594-4288-bc0f-e52c03d2ddcc,9aadeb92-81ec-43e1-847f-88f8ee6ac6fe,88ded977-ecd9-4454-826e-a5e0f8ddc58c,f7e68990-a53c-4daf-9dd2-856c7e555d05,e78cbdf9-0a62-4872-b7f0-c00f4842123a,0a5fafd7-a42a-4c5d-9b1f-29dc9fbddeec"
CCACCTCA,+,31,"16e9e175-a85b-4f81-bf32-661c9a5356a9,d4d8f1d2-2070-4a43-9137-cd3cbf7c3661,c27fa380-9466-4b20-9872-077bd2118c5b,48e7f5ef-be1d-4eeb-8dab-007fe8311ee7,c278ae60-7ef4-4bff-ac21-8c5eef695e63,cdd7f5c6-660e-423e-a176-411302adc2e1,596aa917-7842-497c-a492-2c0517670c90,82f6f233-cb4e-48db-a8af-56633fb52a71,2e6f36bd-8785-4ab7-9d5e-7b8d5c6adcdc,81568aec-a6e5-4db3-a6f1-23629788a6b6,66f928a6-0260-412c-9d1b-b6ef04fc7760,e72957be-585f-4a86-a92e-8e25d247b132,a2c7ee70-9312-45bf-9481-abcf3fc994cd,fe372499-be67-43b0-ab5d-7a8574f021a8,b9d184ac-92b3-4003-b1f8-00cfaa9c1567,224d34f1-fd8c-46b8-a8bb-2a47cf2e1de9,6c65a184-d715-414f-b971-084f4f2871c0,c2c10d34-365b-47b2-aa39-cacf5b0db137,5764bdfa-6935-4fc2-8634-7798796caed0,cd062b94-3b55-4e1c-ad25-5ab00f6b694e,b2c467eb-3e90-4abb-a96c-d4fdc2ce84dc,f11ef622-015e-4214-b3ca-3bfb71b773dd,67327eac-b6e9-41f9-a3cd-60aeb62de8e1,20a3188e-fb31-4950-8e7a-03d23f3c0937,c2363446-1af0-48e3-9d40-390248658c31,ab1e6838-003b-4980-b319-c05c8fcef8d3,cd04a161-3006-4d52-b932-4974acf90906,a717835e-ccc9-483f-bcec-03c1a1af2be4,4644e984-1ffb-4e99-a911-d534889a8a45,841eed82-1d59-4ade-bbf2-a1a0bf76e694,c85db7ba-12e3-47f7-8090-9b492f3e8628"
CAGTAGTT,+,11,"83ea7c9a-1b4d-4adb-ba0a-6d73120af979,757198b2-cba3-4d12-93a2-12febca42ac0,6e40699f-e68d-483a-83b2-5afa479d0cbf,d39f9ced-8166-4936-9259-f0401c5e02bb,7605e8d6-19a3-4abb-ba5a-e1f7fe81d73a,90758e07-49da-4c06-9a05-42463e270096,1bda08d0-4ef4-4660-9a0c-ea5a4c69a081,ef4e353d-4cf0-4cce-b8df-6e284ebccdc9,e66871a7-0987-4291-885b-34b7322042d2,5f9b2237-59ae-47c1-988b-054cb88a27c4,f5cde3a4-94d0-4b5e-9dbd-21743b258f2e"
TGCGCCCG,+,29,"6c850477-83b1-40ba-a6be-95bb2c0d1918,bace7ff3-06d1-4bb1-99e0-a584ceab2c4a,1f0b2331-b71f-4a83-8f38-db11229db207,2cb983b7-2bef-49bb-9c18-50af5578ae24,185b70b7-337e-457e-b59c-0d65c904470c,afec8e6e-be6d-425e-99c3-85e66a455e4d,4364bb9f-51d3-442a-8754-7bef42cca9a2,b7c1b3d5-2ca4-486e-95af-09fb77e9ac07,582066e3-b23e-4bf8-a9a6-6c84d1094436,b7f9b8ae-c6d8-48a9-8358-8b4340bbd73c,3bbf3e90-2511-4aa3-aa32-927b0cf5a52d,54c2dc32-d5a0-43c0-8532-77b7dc90180f,cb04a2f9-9ed1-407d-8bfb-40277f4906b4,33bc641b-e9ac-4d62-a5d0-6c11c3f05c35,d2017d43-6faf-41ae-a84e-760d16910b48,4909a82b-c8b5-46cf-b781-03c95a213543,01e891ab-8f56-4cdd-a9bf-21e3452ef615,812408be-9584-4715-b7da-74b92f898dcc,ca24e0bf-2d55-4264-b4b3-c0dbe0a28305,07d6de6d-351f-4e40-93ac-7323adccab9c,b82729ea-5356-4510-9dd2-5eaf31a06b93,ad4def28-049e-4f02-b560-1a78a55d368f,c8f4ef9f-30c8-456f-9f81-a3b5d315f534,7de5bdda-ee37-4fa6-a8bb-7ac02ffc87b5,06dfa1a5-d233-4b0f-a1db-e5a3064c1d96,ad9f0d23-b80a-42ab-800e-eaa1454325ed,54398dd5-29d6-4583-a922-bf1b83951fdd,c0d6c8af-d1c5-454d-a920-59807b5efc9f,500c1e20-1592-4a64-9ce9-a32ecf70846e"
CCGTCTCT,+,2,"f13362e0-41b9-4d23-a38c-4badcf315123,582eb377-15c9-4de6-a71e-c7dc43f3f75b"
CCCTTAGC,+,2,"899e1c88-3091-47ec-9cae-52ee9083b023,06df62fe-9d0f-4474-8a99-1af0a848bba5"
ACGTTACT,+,67,"7cf17fd0-2da3-49f5-b939-25d535eed0f2,07e5a220-97ea-49f8-8122-ca5b3e00c259,d0ef702e-b08e-4a3d-9db0-ab47c2948f1a,5d85d208-aa32-4651-a63b-bbc376b433d8,dc0d1cdd-504e-4cec-a38e-5cf35d7cc098,bc91ef29-b6cc-43a8-af79-b54708dfe505,261eac35-cf95-4650-bac2-402af0f012f4,c621e717-1844-41db-abde-3177b6c55c06,14d387ba-ecb0-41ec-ace6-72fd9856d597,a199137d-f3ea-43c2-b9e8-1fb4311b22f5,a5db3305-a783-4cae-b461-d1f07d11fb5c,e42d0cd8-e799-47c7-8944-fcd0f56b7dab,89f1ca45-37b2-4454-8d8d-e6c2dee39781,c5a3d5b3-ef53-45c7-9d3c-35a210b39e97,b1c0eefe-05e1-420d-8e44-ae272a6daf44,2e2983d8-7625-4328-836c-f0e390949673,7e4cf1af-059e-44e1-bdfe-345a72891b2d,e21ec3b5-0503-4c0f-9ada-9ff40a17f86d,f1285262-7b50-4c8d-a6c1-1d433395c3ca,18686dd6-0afc-4778-af79-b58e0e49d46a,c927218c-c2f9-4889-abec-bf4d9b9c9145,70a0bce9-fa2b-42d0-8471-f3175a3e2a0c,ed5694a6-1f93-449c-a8d4-9104a479c7fa,d4839ab2-3a0a-477e-ad1e-d5a6f6d4f1b5,822fe850-9e70-4860-b9b3-030c8b658e9e,30581c8d-f920-41f8-8b45-b85ca8ecf857,c248924b-3051-45a5-b2ca-6177f34604ed,bfdeeb68-a3bd-46c1-9f93-3f1fbfdea55e,8949c8ef-e540-4272-941f-0dea84300cc8,e1e3300c-922a-4b92-8e70-f41aabc542e6,59e293d8-4028-4516-bafe-1e934ea0620d,0ab4fac3-8eb6-491f-bbf4-818aed571cb8,6a2e5eee-9331-4175-9eef-cf0e4a4d7570,e5e7f3ea-f94f-48c2-8546-fd3596daa568,95f932e2-218e-4b4b-ae90-c02d8e42e1a1,da6c1af4-25f8-4cd8-92ae-3d75854e9c10,369fb234-18d4-45e7-a43d-81b33659118d,16a340b6-14fa-46a4-9815-22ae6c45d2f6,bd2684eb-3208-4a6d-b508-a4957672b963,79881de1-200d-4142-8b06-4a6cda91d979,e5a1948c-cc47-4d73-9c2c-fecb1040d869,e9fc6510-8ab7-4a31-94e6-cfcffa46a496,12eab83c-3ed1-4571-bb4e-7cc9b1a1506e,cb56ecae-0614-4d31-90c1-4839bb5f4617,fe90dee7-8709-4f4a-9c90-d8e95980401e,c72f6f2b-ea41-40bf-9d31-72b205d585be,f58e178e-f5ee-4790-85a0-7ba4860e70cc,40579caf-a202-413f-b493-ab53e6ea7f34,ae7459c0-4c78-4f3d-8c54-caefaa07a023,0001eed5-1c25-4b0b-b981-556fb14ef215,25b463c6-d416-4515-ae3b-8ca97357465e,eb4a2759-a037-4721-9d4e-d14cb57777e3,f65e8c9a-861d-4926-8ffa-9493f8379bd9,4a36ad84-baa6-4959-95e9-d638449f2412,d40f89df-f0df-4abb-a324-fb8406602880,1e31a8eb-284b-4672-b3e1-4bb1b5ded870,23536284-3fc2-426c-9fa3-0ea5f0f5ce7b,dab999e8-a1c4-4b92-8af1-c6ba198f7053,e3b2c39e-9535-476e-a033-e7ce5a0f6500,dd000b54-96bd-46c6-86a2-bb241ca97561,681d38b2-af8b-41cd-8f88-9f12f61d3f8f,8411d1ad-ace7-42a7-bac4-3d58a09b567c,a1bfaaba-0e35-47ae-9a0d-35779f913d95,734ad42d-af2e-4e57-ba7d-c899115e34be,8d6b5700-3904-4b27-9457-6072e1b00c08,948143b5-42f4-4601-bc4c-3e0c93090da5,9e852292-ae55-4afa-879c-73dfb39ea8d9"
AACACGTG,+,18,"70aebadf-5d7d-4d7a-92c0-acb25f610039,6622d2f2-6e11-45e3-9baf-f1b6f103e942,a43960fb-644e-4b14-8c1f-64b53425b4ed,620c5cc7-7d15-40f5-910c-75e77d6cbdb1,31a74d3e-ab2a-4477-84aa-18487321c4c8,f0b640d2-18b1-4d9b-a635-d3e0d1d8f403,8ce9a4bf-8bc0-40f8-8e44-42b41899884e,4733523c-4366-4aa7-a793-8b5bfb2e85a2,08ade4e4-ec47-4011-b655-48c4c252fb99,9c567083-b0d5-47fc-9ecc-083f4997ccb5,9de2edcd-12ef-4e55-b04e-51e110043499,89ce21ee-36bd-4cfd-9895-abda40909dd8,7e3b0806-c0bd-4bfa-b517-fb53a785b5bc,a1e69c6d-7bb0-44ef-b419-c48c309ab633,7ad59543-e862-4064-90c9-34b7eb418c15,64b2b531-a02d-4908-bef2-d4b08b1a4437,5f8da1b8-93a3-492e-a0cf-2c090add4d1f,a147495f-2de0-437d-886b-f9ce951dd582"
TCGACTTT,+,3,"8c5d878b-2f60-4632-b393-4a06e78468f1,d7579335-5bad-46e7-b695-c4150665c7b0,794ff813-a8b7-4358-82ef-7dd30cf71eda"
CCTCCCAT,+,16,"4afbab02-7f44-4dc8-a95b-2db99d96b110,9f34d76f-371f-4638-81f4-f4c8b499de20,bc26fd60-3c34-4123-ae44-c7c1ecdc063f,d2fd817d-5480-4b56-828b-26e07d8e5893,c396a570-a02b-4b7b-8078-c83c9ccd37c3,8ea0247f-1be1-4c46-9edd-9e11cab10c36,9116f371-7be9-42d3-8516-897182686d0c,178e60ee-06cf-494b-8474-b2fc298841e6,792bb4db-a881-4435-a625-5dfb8b319302,c2ce0021-588f-423f-83e1-479ab94a6c87,c2ef0f2c-911f-408e-9fa6-f519f1a30533,f0f0b347-0e28-42cd-aad2-9aec835ef6a3,26c34189-d1d3-43f6-bc97-c462bb258197,d2145a10-bad9-4606-8b54-a24f4809e93e,0d9a59f6-809e-48d7-b7f4-616f058fb6ee,01596004-56a5-4630-af38-73ec7a6f061c"
CTTAAACG,+,6,"8462e3de-d869-47aa-a01f-a0d435198b4d,3f1df6b3-9cd8-40a5-ac41-b9c62df58628,74176714-8660-420c-90e7-072a4b00755f,2d9bb943-f0c5-40fc-942e-dd32914bef93,f23ebf2a-bf5d-4e93-8c3e-e19d766c1be0,23d42989-0709-41c3-ad6f-636907f7053a"
TTGTTGGC,+,6,"6168e883-6d21-4714-a0aa-8738a0446c39,1e0b4bb7-b7be-47dd-837b-2355c7f30276,ccd7fff4-b523-4ffe-b42f-0f72e65227ff,6c7d29bf-1f03-4349-a0c6-1fcaa993780a,bc7eae58-9d91-46d2-90b6-a3e5a5dae4f9,962fd839-5523-4191-92d9-cfb9d261d0e2"
GAGCCCGC,+,14,"af259b6e-c0ec-4c71-b09e-cc7e86e993bc,e29b9567-0c3a-4be4-8c19-0c0abb1ee807,dad891e0-2ba8-404f-a6c9-ab718480a052,8631de45-0a9a-4d2a-800f-536c5099938b,de1aeb4a-b1c6-4324-91bd-4b4852cc2ec4,f9111ac7-ff5e-42f7-804a-3a6557eaecf5,c0be3373-84e4-475e-a8c4-393ea38e1b07,5875b3ce-a585-4971-82d2-1aa2221c46ce,b9325d99-ac18-49d6-9d8f-b8c2d2b8aa20,bc15652b-befc-4477-aedc-7e54d5798cee,8bb5965c-e7ce-491d-bee4-98ed962083d7,c8dd7b3c-af29-46fc-a2f4-64f9589b3f59,cada8b19-8a9d-4ea6-9e5f-cfb2395f422a,8a919064-fc41-4b83-a64c-f30ff9a4ede4"
TAGCCTTA,+,9,"6c16e054-dee9-4546-b29c-9c541ac2ab3f,8a68a972-15fa-499b-bc94-5739e8f37279,e4ff14ad-633e-45fc-a854-e29b2d4b60a1,a6488dbb-db1b-4858-9147-9a9a397c6c97,a197fe70-08d4-4bdb-89c5-b9e1f004903b,b6277997-aef0-46c6-8450-39b03876e659,c3722afa-1292-4237-9836-835cb5c6814c,02f118c6-d7d4-4b1f-bd60-5b239455fa0d,79b1ef1b-22e0-4b0a-a14e-7af3f70d5196"
CACTGATT,+,9,"31f43a3a-5625-4468-a81e-776f10342a22,77f1dbc8-25a0-4567-81d7-a72d66653991,27898b22-fc2e-48cc-abad-5f7fdb40e04e,c63f36a3-74ed-46ad-9479-15d00e735017,c401ffd0-4079-4f28-9203-3bd76586f7ba,1f226248-6ba4-47be-a9bb-25a6f517024c,9ae33ac4-0f68-4764-a019-a30d5cdbe9f8,241d6bde-01ea-4af4-aace-85b3b03d64eb,297ed5ae-1dd6-4474-ace3-2d3a9775ab9a"
CAACGGAT,+,28,"5e7fe0fb-226a-47e8-a100-649d033d5eee,e2070c86-2a07-45cf-9cf0-8513a8ca63d7,e0b2d6e4-f241-4f94-9a9b-8b89fa5e8ad6,c4b1c1de-bd5e-4d69-a972-187ab26ee745,bab4076a-f164-4228-9713-cdd977f9169e,ca7a6801-96fe-4f2b-b917-6ddf74485cb3,aac7e196-e1cf-40c7-855a-0d2faa79c9c6,676605d8-b25e-4096-a03b-3dfe437fb012,bf99115d-dbc0-450e-b038-a36757395b5b,5d8a3e64-a283-472a-908c-0205002d751c,b45aa17a-878f-403a-ad68-8a434e66c917,ec2dad69-82ab-40e1-8cc4-b7a7f5b94144,f285ca1e-f657-4a26-bf24-08f76063012d,3300bab9-d0fa-4cad-82dd-e5ef7bfae84d,33ad2784-29b3-4111-a13c-4045ccef5b01,374909c6-6945-47ea-9ee2-0f13425b7244,1f348f8b-4eb0-4ee3-9f9f-7b91bc739859,f781e638-1dff-40e7-ade4-f11e0d7dcdbe,94aaa63c-3ae2-4a2e-aa97-40f72a285dec,9fde6285-4de2-409e-a00b-70a1f87bb53d,2583747e-945e-4841-a8fe-a61b014d892d,764c767e-6b0c-4d88-a8b8-1d966dbbf564,d36d0ca8-5df4-4a22-aeec-7bb4db95238e,f3caf37b-dfb8-4d53-bcae-8ab7a855d597,0dc7a5cb-8f40-4eb3-b850-ecad88198ffa,edd34120-3941-4ed9-8840-e0e2eb45936b,98aecb34-7fc1-4003-aaf0-cfd490c08657,a13a2759-1006-4d50-8b89-81217081b7be"
AAAGCCGT,+,13,"38efb99f-1ec4-4337-ac78-139b032b0bce,c732bb1f-ff6a-4542-bf0b-7e7f0684cf64,227ec2d7-36db-409b-be41-9a961782f689,c21e60a8-759d-4ad6-9951-6a03c3c8c661,cf64512e-1855-462d-b282-0592599a3cef,8edcfe60-7a17-4aa2-989f-c7587cef393a,99f31ce1-fb08-4981-a00a-17fc6634d279,71954399-8fc1-45ee-89ce-cd84db378e6e,4aad6116-5dbb-4465-8835-d648d01810db,3dd8e444-00ce-4dcd-9ba6-d7f7b74db996,df012df6-00c7-44aa-9001-7056ba06783d,79ca4038-ef33-4189-a202-1d5fe02d1efc,9c1bd2fa-3ef5-495d-a39f-fecaf8459ec0"
TTCGACGC,+,2,"9fe83111-3db6-4b90-8b8e-6d7c662fb52a,a1fcfb80-7f55-4974-baad-4157493dfe70"
TCCGAGTG,+,3,"9447776e-8e9b-4a13-bcf5-5799cceddc0e,709b7b47-1954-4554-b730-3d4023c1781f,43cb5e12-d169-425b-8621-90c947a11582"
TTTCCCGT,+,1,57da7283-b79f-4deb-adf5-f3636bd0a33b
TCCAAGCA,+,4,"456d76b9-577c-4f72-96fe-20a80867d086,e20895d5-af74-48db-a542-adb4dad834ea,41d13946-aff8-4cc3-aaca-308321fb2a74,9354dc5d-8973-443d-b41c-467e0b7eedef"
TTATGCAG,+,2,"d1d557a9-eb07-4c0f-8995-e153eb217583,b0f90a88-ff8e-4ef1-8ff9-b45a13866ff9"
ATTTGACA,+,22,"f46997ab-ddca-430e-8ba3-366c306b830e,d6a9ab63-5b61-4657-b3e1-47f60f721e76,486acd81-cdfa-43d9-a0ab-e59c9bea9667,6edc54b2-8521-45af-acba-6d95a6b09502,7762afd3-d0ce-4c0f-aec3-7d939ab2a87c,67f77d2b-7b69-4845-b6ef-b44c2f9d3e4e,16d41cf2-6c4d-4467-a69d-fc9b05dfbfad,7db7913a-4aa7-4079-9e23-e4c73c4bc77f,816b7c78-ed2b-4aca-9856-0bef45d7cdf1,3c64027c-4282-40bd-8226-1165742351f4,50441099-0146-4741-946e-d70b04f00870,619f4706-8ce3-42d4-a913-6939cfbc3095,51418d57-0622-4e08-aa1d-c68bd8ed0acb,ac0b1ec6-5245-4fee-9d2a-8786f80d7d9b,30efaa90-f2ab-4e52-bdb1-0232d236968e,d2488b40-4be1-40cd-97b6-782f68799a4c,c48999b0-bc50-4c6e-a64f-2ba771c17309,a742dacd-68fc-4600-99bc-6bd39a44177f,1b2ec0f1-2246-4b0d-86e2-f6b83b38964d,4feea4f1-7532-45e5-a268-e05145c19810,1e7f46f5-0ce7-4f13-bfc7-95d9f166d05b,a9dc51a5-cbf9-485b-8266-fc02ec5db567"
GGCTCCAT,+,18,"e38f60a2-5c78-41e9-bf47-9ae93dd07f21,e12bdffb-9b22-4605-b546-7715bd4fc68f,56a04066-6699-4190-b7be-bdc5b1ad9186,cbfc54f2-e3c6-434e-b9c3-e9d30c1f359c,c7194611-89c6-488e-933b-4e2dc51d81b9,7dc0a24c-cb1b-488f-959a-320a8e995cc4,59fd4698-0bfb-479d-8b9a-cfada53501c1,d5be15fe-6181-41ff-a532-4185737d1a5f,4fc1db6a-8166-4796-ba9e-5a7d80e060d6,3b18cfd0-e9a5-46ec-aad1-ed29909ba964,70df4665-8315-46ce-95a0-8b77eacee694,c479228b-98dd-4e3e-b099-c00f3ca228bc,821e4eb4-c091-4ffa-9055-dce16964ac2f,21df2a9f-a3cd-4a35-9241-69cec4606138,12886f54-6475-440c-bbe6-258699267ec0,452bf269-15e2-4637-b64f-afc9ff920e1d,a1161919-fe3b-4942-86f2-d10226b54274,be845e97-e889-4356-ad5a-3a8ebc164155"
ATGGGCAT,+,6,"58f7b4b7-5d54-4812-a648-7cf8f9e8e9b3,8579d903-ef39-48f0-9f39-a53000b9fc33,e2538858-6993-4004-9cc6-8b172961b3d3,22fa5525-fb91-4773-8010-76261cf17913,ce7d89d4-40a0-4001-9380-57eba87b9b89,90116707-7498-4897-9965-bcb1bd1c1cff"
AAAGGATA,+,4,"e9ccd1a9-4e43-48e1-a655-b89e4e0627a2,aa1a43da-8e9c-43fe-9671-015099ce7a88,e177d551-74d5-4fbc-bc21-28e6a952c923,03c1389e-1a7c-4a1c-9601-bb1e6fd24f7a"
GCCAAGTC,+,2,"db520bbf-6397-4f83-9425-0e8bfc2e7bb8,7b46bef8-5d00-4d09-9a6f-e3716bb7a48b"
CCAGCGAC,+,2,"b045a561-6898-47d2-ba7f-85292ea2d1c5,7ea59161-acfa-4297-a6e1-da027d63aae9"
CTAATGTG,+,1,3eb845e5-3cfb-4229-94a3-cf34062c1920
TCGTTCTG,+,3,"38f7f8b1-fac7-4c9f-9175-878eadfbca2c,3c41820c-9907-486a-9ec5-ba250ca2c6ed,8b341bcb-a8ef-4de4-b0df-a2225f7578eb"
CATCCGGG,+,25,"5d4c6c19-891f-4afb-a6bd-5a06114a1112,1653ca1d-12d0-4bbd-bb6c-4b33b03818f3,7a728761-ba53-4471-b19a-051d12159a56,5094607d-80a1-4bb7-bab9-8aeb05b1ea1c,629b566d-3348-4756-b01d-193e5422f5c9,401a39a3-9326-4b3c-82e6-654024ab4da5,3906ace4-82f7-4af3-962d-eefcbfef68c9,a5ff4435-ab72-49bb-87d1-68d872ae7fbb,e1ed96b7-bd96-49ad-a227-41c39d91b9d9,2326f06b-ac7a-49e0-8fb9-58bb5fa656d6,8c339b69-7879-48f5-9c0c-8b14c1cefb8b,252dde5f-530c-481c-b48a-96c694d1930c,c604ed2e-2c77-4e76-afec-91141b2de0ea,14f8f660-9e20-4138-98d4-0ea584a2b1cc,e976d057-037d-4a11-9151-0dfc13c8c2c7,070bdb81-e044-41d0-b786-23a26f66c4f7,a685e077-b6d5-4729-a037-e80faa5d9865,00a01cb0-df67-45a7-a68c-2ca6de365c93,3b635092-ae57-4ff1-8cd6-cb0e0e5a4eff,fb489784-63ab-4dba-a2d7-8c97566c664f,ed8dea8e-9e1b-4477-98bd-f86cfc9c74a7,960c89d4-2257-4a74-9977-55be13a6744c,3eaf14cb-197a-4044-b8a0-62c5ee026dfc,71acda0d-31e8-493c-a95e-70ce47a3b1fc,8a2ab478-e851-4da1-a681-748fc594859d"
TCTGCCCA,+,2,"b4e80305-b073-471e-8a59-01a2c4534f25,9ea0a3fc-71fd-4653-b813-15f6716ccbdf"
ACTATGGC,+,4,"e27fb70e-2bfa-4efc-9143-3dea6ac64607,92493164-9bbc-4619-bb9e-cab7ac6fc253,4284b587-9c05-4b03-9e2c-4d34c0df8205,85966450-fa16-4bca-a89b-641197a09e39"
CCCGGGAA,+,11,"bdc4c2be-90b4-4c1e-8268-22b799eccfe7,e0e7ed22-f0ff-482d-bf6b-c6a0b5da1111,83d1866b-e05a-4a29-b0da-a13a0b6dba44,bf35b598-6340-4aff-8b9a-bbb1864dadf2,41f21b3e-adfc-4949-b0dc-5f31abf856a0,d70d2427-24de-4d1e-b7ba-bd55a670a7af,d6e40b47-33e1-4d69-8b87-bb907160bdb5,0edb14b4-e874-4acd-8651-5778dd46533e,431d8f56-75b9-44f6-b345-de313beb660c,1126e8e7-580c-4a41-bd61-e41c7923d012,f14de06c-d515-4060-ac3d-68ee12ab32e0"
GTGCGTGT,+,9,"60b62635-442b-4b05-b468-872d1228168a,caa7d3df-ae02-47ec-8357-127e7347892d,804a543e-e2f1-4733-ab38-aa5617dcf2df,1329dcd3-cd7e-4139-85a5-ca842c972a83,12e08f7e-80b5-4ab9-80be-c210518c790a,4851bbf4-a877-47d1-be31-026ceff51c1f,b1400618-14ee-4653-b86c-49f112199941,d8bbc2f7-afd3-4196-8c1b-85352d69cf36,605294dc-eb77-4e8f-9a5c-590d38ca1d8c"
CTCCCAAT,+,7,"511c16d1-1969-4e8a-9b1b-b6fad8ad53ff,ba9c2a34-85aa-40a5-b746-009f5368f492,bed439a6-ef92-4e6e-9db7-fd482710360a,be23c763-a4a0-43e7-954b-f68acaf712ca,b553fe8c-b989-4de9-b407-899ab2b1de0b,ae61f1d7-80c8-48d7-9412-2223eece190a,5d4095d7-ca83-4652-9fe5-7a251970024e"
TTTTCCTG,+,3,"d491379d-da34-42f2-bb09-e2e840e88b15,f8316a18-9951-4f99-8199-b9c2332aea01,bb4bd278-05f8-4acf-82b0-14f2d9f653c8"
TACGATAT,+,5,"1e97f502-b853-46a8-b33d-39c63b854821,47f87cce-a4a9-43a1-83bd-e7a0943ca16f,6aead4f4-02a7-4eb1-bf67-176a8aae11a2,6fc7423e-de93-4560-a1bc-417dc6e1c1f5,9532c9c7-fffa-4133-a656-a35e016ab29a"
GAAACCAT,+,4,"38036917-d79e-4e93-99c7-bf02df51630a,6e2935c1-fd91-4996-bc0a-1946c2788f9a,99ee4d9c-d238-483c-8e4b-e1bd48228ea4,d7f28453-f470-4ce0-b219-41d7ce30c755"
TCACCCGC,+,12,"2caf030e-3ac7-4e5b-890f-f4448f279030,cfdbd846-2e57-404d-af9d-6b173352f094,1183b167-c5dd-4d3f-a104-aa7a9b3af339,0edb3544-43e7-4fae-a00d-88655286e7d0,ffa47f97-5da7-4fe2-a9f8-1a3ab76bf58d,02c88f9b-6545-49c8-bc6c-ca22e356749c,3681214d-04a2-4ad1-b53f-2b7de59f7bc5,956fe5db-392f-40c5-9af6-6e2472ccbdd9,5b6caf8e-fbc9-4a54-a35e-75e66be49e27,99c3a8fb-24e0-43fc-a221-a7b677e4f441,2957e152-ceca-4a19-b3cd-4168bfce73f5,51965a09-94f3-416b-a1d2-dd680dd9b271"
CGGAAGGT,+,11,"04ad2565-26a9-46d9-9629-f72839340129,f200e97a-50db-4cef-a361-aa905b786269,883733bb-9408-40d2-964b-470ef7ad4d7d,ed9b9c92-6eb0-4996-9f56-ef2163e9ef2d,85407868-52da-4ddb-9d08-d75afa022700,1e99d051-3123-43e5-8276-1575bced6d42,0bc5021a-f283-477f-98d3-2f9c7e32457a,d64a756f-c23a-4310-8a7f-8fa9a4edc569,ec5a9f45-c723-45e7-a7ae-cc9e719aab5f,dbc35075-f017-49e3-b0bc-db8cb25cfa71,f932f4c4-4ae2-40b2-a6e2-57630df97721"
TAGGGCAC,+,1,ad345501-7b34-4a83-8e00-c22ba34f9217
ACATGAGA,+,2,"a334d95e-0502-4faa-8ff7-dc37ef19a1b3,56d92482-b043-4d17-bdae-e32cc4ddecd6"
ACCACACA,+,6,"462bc2c0-3111-40d6-8128-ad8f31ecc37b,b76235e6-cfe3-4308-8f2c-bc165e32ad18,61818523-cbb0-4bad-bc2b-d2af79b45e99,92f8bad0-53f5-4f55-bcf4-2613e151ed66,8e2387be-7e7e-4b3c-bd14-b34598545f6c,376c0747-70bc-4077-9403-19c723339559"
AACATTAA,+,2,"431cab33-0a94-4c3b-9b21-7eee62399228,ed6695c4-7c08-4838-a5ce-41d28126f632"
CTTCAGTG,+,5,"2f2fc082-cc46-4b2f-a93b-1e7cdff482e1,c03c86a1-b268-41a8-a2cb-9e47093da9a3,789a50ab-082e-4db0-8a29-327c3f08353c,9cb1eef4-ec34-4c32-81bf-3e1084de11d0,09696fa6-d5c9-40a2-98c4-1f00f006f7c2"
TGCATGCC,+,2,"fb5c3a80-bd59-4278-8bdb-f6ed787697e3,2b37fe3c-f1b0-4cb8-abf2-80f247178ec6"
ACGGGATG,+,2,"8726a577-3e2f-4e6b-97c9-4b19a83629a6,6bb1d989-2324-41eb-93e3-77148233ec23"
AGGTTTTG,+,2,"a8ea2ce2-a835-4cd2-8178-2c43b711dbde,b1a92693-d084-4ca4-ad88-5434520188aa"
GATCGAAG,+,2,"f3886836-be0d-46d4-897f-af4a1aaf8e58,4a3e553e-f6d8-4e15-a9ab-424314195c7c"
TACCCCAT,+,9,"077a90f5-d7e0-4b00-82f2-f957e1f36e42,a0ac7d1f-07ea-4aa0-8f88-eec1f9f187e6,d7bd6067-50cf-4446-9801-4c503efe93ee,e51273e4-5cf5-487a-88b8-06041383303f,1a3b912b-28a2-406d-830a-401d10f679f4,735ca89b-d9af-400b-bc7e-09a48b46cbbe,098439ff-03d9-49f7-ba6a-915f9b783a90,f695f7b4-9101-4b00-bdbe-6eb2f3557841,cfe97b2a-41a7-4747-a711-66e640768d19"
CTTTTACT,+,5,"1dae5fbd-d005-4c21-955c-0e685a45d1da,e490c7df-a06b-46c1-be9f-43c05a2e3b80,b74ce1fb-e582-48c5-8630-bee48c53a0da,814a2c12-a20d-4d9b-bedf-9670a1e81c2b,0baa1f25-08e4-4c8e-88bc-231ca68041a9"
GCGGCGGT,+,12,"7f37a827-ee4b-4d0b-a023-8f5e07292055,09081c7e-9e08-465f-9297-adc20434109c,ae8bafe7-72c9-4942-84c4-cac901a35347,40c8f3af-24db-44f4-a13b-6d01c0925c9d,c7942005-6a24-43d9-9d75-9465a0167119,b06dc952-b369-4e16-8e34-3a61e032d821,13288c52-b2f2-401a-8280-ddd1011fdf28,034da62f-2d00-42d9-bc8b-b4aede97efa0,b341c3cd-6495-494e-9180-3329e196e5d4,00b45feb-8aab-4095-b008-4ee467953055,87d48a9d-f304-497b-bfd3-6d0858f0565b,982e63b9-ee79-472a-90cb-3833230f0b4e"
GGGAGGTT,+,9,"d773e194-4707-4c21-bdcc-d1644115b437,64140bff-6ed8-4d19-af77-d4f5e6f567b9,dcafc55f-ad22-4d83-9b32-3460b26c43d4,4cb4c39b-abd6-48d1-a411-8202ce4166ba,c0725ba5-b4e6-41cb-8588-332afff396a9,c2de5577-f7d7-4b19-b2a8-665b3223b05e,eb5499fa-8daa-4e51-9373-b5e4260f72a7,498b518b-843e-435d-a05e-bd44a89689a3,27b83855-1875-4cac-a4c2-869259f8b557"
CGATAGCG,+,4,"16a50148-e49c-4669-81e1-7b3f5f7df3b4,09214e6b-3a01-4e5e-9565-7ed3ceb3fbc0,d0386fd8-e1ba-4b3f-9b40-aa574c2ceb25,e39385fb-083b-4d48-a401-d50759ea3480"
ACCTCGCG,+,3,"f11c2a3a-f765-4bae-9411-007796ed5038,5dde3972-73c6-4658-bab4-f639538aa14f,3d94244a-d1bf-4500-954b-5551a489ee34"
AAACATGC,+,1,e826885a-5e33-4e4f-848b-be546b58fc6a
GTGAGACA,+,1,ef917833-4cf3-4836-87f4-45a0cae9e8da
ACAGCAAT,+,4,"cf383929-2b64-4fb2-9843-ecdf13326b28,a95a389d-3e13-44f5-92ee-c5c5841356fa,3e0a0e69-77bc-4455-843e-a95bade5e049,29311dff-e439-4052-954e-4416cfab99a3"
GCAAAAAA,+,4,"13a4a682-5f8a-49c0-acf2-3052ddaa0a22,9c066992-aaa4-45ed-b89b-44a408487e45,fd9fc7d9-9a22-4074-83f1-c5da4014a8c7,f995c8e7-8bbe-4f1a-b0ec-2b3b1b03434f"
CCAGTACC,+,9,"8f277480-dbe1-4bc9-894b-390e41fb675c,aea1ae55-2333-4347-b1c8-0cf98af9892a,958aaa12-5891-4266-9325-126918e399d9,2587a5fc-2ce0-4e0b-929e-48085f9208dc,5d78ca30-9fc7-4369-ae31-32cf43b7157e,5d143c2a-db65-4178-a596-f7f171eeee10,337dc7e6-f460-43a9-9b02-532a9d466512,5c1e7e3c-a399-49c4-a8ef-2aae48325276,a4c0cb95-feda-4a88-af8f-bc7ef4329204"
TCGGCGCC,+,1,67bd072f-1c3b-47fd-bbae-14fc3c26e1b0
TCAGAATC,+,26,"d10a83b1-fae0-43ff-ab56-f3fc25e23a2a,ee7014d5-fa9a-4b43-9f15-6310e637db9d,583c2660-3e2b-4d38-92da-03d6ec5026a0,bd85b2a7-eea8-45a9-b2ab-f3c6cc17d84a,6e6e6179-ded5-4a2c-bd67-930159b37980,a7f90d18-a3fb-4f81-99da-69d6e9588a83,7b3b9a06-c55a-4566-8075-fa17cf4826a1,57c231c4-6c9b-4b9a-9aac-e261ce125b7e,8bc6062e-6cb2-4ac2-8777-d58c315cce02,6643c71e-63a0-4ed7-b6e4-95d50b078f62,a008f079-9e6e-4d54-936d-af3cdb404566,c94a0ad7-faad-436e-8e4e-16cd29e3f7c6,6dec5bcd-c9bb-4015-b19c-99ed63f78d43,a79e5219-d210-4794-843a-d005d5a79522,d0f2c29e-4634-4962-9968-69ab58f9df62,52d88153-ec14-4d00-9d93-d2d65ab8005f,06c17321-f4ce-4119-bbaa-5fb16135664e,30ad782f-5d05-40f0-823b-68d7b482728b,d68106ed-8d72-4a0f-8638-0d5e18d3df44,359ce890-37f3-4ec2-970d-93e4fd7502bc,a7bb4ba5-9a1f-4591-a60c-2d2ac00b8938,b897fc4e-4db4-4f54-8fff-a89806cc71e6,afc289bb-2fe0-4051-b12f-fc577ef5480c,e5bed54f-ac15-409a-8845-4572d1eb88d3,788fa833-8e75-4d89-823a-a7180d195a8a,e705d16f-70e8-4760-96d7-07bfe23b4967"
ACCCCCAC,+,3,"cb9b3ecb-170e-4d7b-ba32-74f6080cf124,3e32d224-87a9-4a5d-b6c3-d6f94a0b9e5e,f386638a-c81b-4aaf-a2f8-4b70203cf3fe"
CGGGGTCG,+,4,"2493ebee-7969-496b-bd44-b651e8a07806,c334396a-463e-47cf-8d5a-c95728ce615a,256ee414-e373-4eff-b870-6c72e6616f5b,aa40184f-6aa4-42ed-9f68-05d0f8f44fca"
GTCGCATT,+,3,"686cf6ff-d6ff-40b5-9807-099552b0e2be,94c0bfee-fb44-4bb6-8de9-192903c78d91,7c5b1879-d293-4fad-97d9-c0db95be175c"
ATTATGCT,+,7,"d73ae9f5-11d2-45b9-95f2-b029eeafb309,28ecb4c9-ba21-4ade-afee-3e4b0da2e306,afbde082-a576-4faf-bcd4-e933d4cbe641,bc4a9f5a-d7eb-4d17-9245-a8cb04d16067,256a2b73-9ac2-4ea4-8a6a-c1edd5ae1bfa,3fa073e1-b9db-489b-9350-bb269c749ec8,f6f27ccd-678f-4075-8411-c34bedbe154c"
TTTGTAGG,+,1,0b5c9e9e-19fa-450e-ac48-f69dd1bac8fe
TGTAGGGG,+,1,d0a44197-6625-4492-a787-62651e508747
GTCCTGGT,+,2,"a0056527-f10f-40af-847e-700805488e5d,1ebe60ee-d3ae-4b3c-9f84-268526dc8daf"
TCAGTCAG,+,2,"e90c5292-06ba-4100-9909-97637f98decb,24379468-7036-40b8-8e22-c94d57dfe4d9"
CGGACCTT,+,14,"fe5d1bc4-6663-4d21-a98b-886ab61a6f29,88a158c7-0f11-4982-b8d9-db08e7cdc9ea,791d34a2-97b4-41b6-831f-4e6d94a8cb68,247792e2-4ebe-442f-b04e-4093fabb5771,0c52d548-52ef-4834-9b13-8489bc433629,33d9096b-8ba9-4dc4-939c-0a31ba94d2e0,7e8f4175-5432-4e31-aca9-3b3daab488d6,0362d781-ac48-4557-a6cc-9d6cde2bd1ea,c87053fb-82f7-459b-9de4-99f67800a3f2,08d110b4-f524-4e45-83ca-f64ff1afb87b,00f46d99-685c-493e-b4d5-28638c260e60,dcca93e4-a73a-4020-8f00-befec04f1a76,ec7c4e8a-d9c6-4cbc-bebe-1749cd6028d3,6d0691f8-6781-474c-98f9-55bbba28c74a"
CCTAAAGT,+,16,"cc718b0e-9fd1-4100-bcce-93dbbd6d770a,e9afe10e-24b2-4b1e-96f5-16e961e94e02,7adf871a-94a6-4f15-afea-c94499fcf6f1,1ff339b1-6a37-4469-980d-6173e3091ac9,7a0d5310-e0ab-4d97-ae64-c6243975f201,8a97d9a0-5fdb-4629-91b4-90c44810135b,cda1c7be-2a9c-4f2a-a4a4-73183961c71b,58b8d142-e563-4f80-934e-3ec2725ca5b5,8335c40e-c922-44d9-b0a1-3d95c759b15a,de9ea365-ab91-4680-a6df-f2a88a32a632,94bec36d-43ea-4806-9b66-24d65714a3f7,d4325448-075d-4b6c-b545-a0a611029179,30656402-ce68-4209-bed2-c282c1e83db6,a17344fb-8932-4907-8b34-11aaeac4a77d,ff9092f4-aea4-4a44-93dc-fe6341287b1d,f3a0c3df-9e94-49e3-9044-b4b376ed07e3"
ATCGACTT,+,6,"f7dc40e7-bccc-4a9f-8ab5-a4177c1b3d53,f04a49a3-b7cd-4849-bc27-cfffda8d0f20,34a15aa0-cdd4-4905-9501-e63cc148dd9a,428176e6-db5b-4af3-a079-c7796045e750,f1478a3a-acd7-46fa-a850-f2c73873c9db,2858d0b8-a100-4fb5-a612-1abcaadddd06"
AGTAGAGC,+,1,0266dfd1-ef23-433a-86a7-ab60cd3e9270
CATGAGGA,+,2,"a4f64e9d-8d72-455b-a2ab-f331ddc2a570,64545c75-9da6-4714-b388-332c05b73471"
GGTGTAAC,+,1,b82e0346-76ab-45a4-8f04-0d9cf018ba3f
ACTGAGTT,+,4,"b395c48a-751c-49ad-9e14-9edea6f2c62f,80a2f750-d734-4d77-9444-19b3b1d96c9e,217a13ab-87bd-4b91-951b-ff6e818c0ece,70f2b363-701f-4485-b723-3b24e09e981c"
TGTCCTAC,+,5,"06672715-8ee5-42ac-a227-c2d8902e91c4,f0742845-6516-4cf6-8d0a-d296767ea3c5,9df435dd-bd38-411d-853f-23e80072958e,3e7e572a-8b13-4055-8a7a-4dec4e0fceba,4c88c530-82f0-4118-880a-92676fb4c52f"
ACCAGAAG,+,2,"41f55d24-edfb-4238-9a12-89a68d9de973,cf77a731-446d-4d92-a4ff-eb64a66afaee"
AATTATCT,+,1,07ad7bae-98e2-4143-9164-2719733dc83f
CCGCTTAT,+,5,"9016fcd8-20bc-4087-870d-a53ab1beef85,00471317-ef92-4482-b061-ef3019344f33,5d548a66-bb0e-49c8-a948-ae22e9f4be5f,3af14c2e-b062-4c93-add7-4dc2892b2e86,9fd6233d-c420-4d51-93dd-a83997d691d1"
TTTTTTGA,+,2,"3c5c8b82-a9f4-42c6-80c8-1dd21608be3f,a6057833-1f29-4612-912e-a325fd4ef5fe"
GCACTTGC,+,13,"cc2e98b8-e39e-43ce-9223-dcb65c4be3f7,01ce72f6-edd8-4dfe-89c3-06c995f3eacf,6d75395e-d0d0-4f4c-8a9c-0d46e27ea8a9,2d304ba5-c512-4e4c-89b8-ca54708dda6b,a339780c-3ac8-40da-8207-e524030aca97,b45d0b60-c065-4d05-b513-b491d8cfd448,1c9f3fbc-08c3-4de0-9064-2d2a30d2e404,b7e840e1-6823-4312-be7d-84a762077310,9068565d-801e-4aab-b384-225bbebe624e,eed7254e-4ed3-47f4-a09e-85baa82b85a9,0f0beb6b-2582-4e71-9f9d-3b02a2474760,bf164ee8-fb5e-48e0-aae6-46390806f70b,3280d814-1f65-405d-b8f5-560285782bf1"
ACTTAAAT,+,1,2302eae5-d353-47fd-ad01-54634ab3ff63
TTGTAACG,+,4,"84bf78f6-7f6a-4845-a042-3a22cf96107d,f1230ed2-b54e-4eed-a436-cda6f50ba830,ba5c180c-dda4-4a5a-8809-7e6e40af4140,065a98b4-74ef-47a2-87a9-c1dbb9ea6009"
CTCTCGAC,+,3,"94869672-7f15-41a0-9097-6b3b0612e30f,10dfb644-f6ad-4161-a0b8-43357afae92c,ec562455-e18b-4af0-85dd-a962df755980"
GACTGTGA,+,1,5eb9eefb-c4d5-4256-9a9e-d6c0c7876dfa
GGACAGGG,+,1,43eb4e25-ff9c-4173-9311-0ba5472e86ab
TGCTCTCA,+,1,8840feb2-610e-4fc1-a3e3-b5a695da272b
CTAAACCC,+,5,"cae725ef-122a-4cbc-a007-2b9c7145cc8b,d883a842-0282-4bf8-a969-884fdf6e5872,96e53b02-18d4-4a33-b4de-894a7fad4e64,11e6ef86-908e-4724-a11e-bcd7f0cee19d,faf331d1-eed8-4b3f-8e64-7555d8f5d862"
CGGCCCGG,+,3,"853b81f6-929d-48ec-be49-2b505d5f0d34,e499d6c3-9a65-4fe9-abf9-cf684be6d31c,9c019b18-e591-439d-b6ac-a506ce8b4660"
CTTCGATT,+,5,"bb763fed-9c1b-4871-90b0-48b37ee3e674,9f7bc529-f91a-48fe-b781-8fbe14ea348c,f93af775-3bf3-42aa-9d0e-0824e98a6291,cbb867b8-4706-4c66-8bd2-56bea1389f54,d33499cb-e456-4bb8-8b6b-8008da58dd06"
CTCGTACG,+,2,"39d79029-4894-488a-86c5-922de4caaa0b,b1b0e292-4e20-43a2-a6b8-8b4622a8f8b0"
GACATACA,+,4,"5994eff3-4ca2-44a4-a10b-b3dcbfb6e8c5,04612794-2738-4c9a-8888-fa49f913a8fa,bdd861da-3c21-4a5d-a332-e55762fd464c,9674c6de-c211-475a-bbe8-64b9b442d093"
GGTTAGTA,+,3,"6010f423-e395-4642-9972-297a8290b7c5,01d48868-8a68-4f19-bc07-7544d88f682d,5099647e-e67e-4ec3-8eb9-3803ece7ef14"
TCGCTAGG,+,3,"1bce544d-9900-447c-bf7e-d5ed96117786,ffe9c3ea-a9af-4c82-8d1b-10e7077bbf60,39e9d670-091d-4150-b87d-3bd3d0b93811"
AAGAACGC,+,3,"0b5b652c-8c85-4d30-99f1-ebd25bb0b017,7ec98541-4a5f-4fa4-91c0-e611d4210c36,09913110-bfd9-418b-b0f1-55870e77baf6"
CGCTCCTA,+,1,8ef615b5-a47d-4e93-bf07-b9a24a826586
CTAGAATG,+,4,"75d5875e-1f0e-4229-a8d5-62882adf8806,832052cd-894f-4d00-8757-03144e746e39,35eb3c78-85c5-407f-98d5-3071a2c8d991,075a871e-c7af-4f14-b536-52d0cf77362f"
GTATCACC,+,2,"e62db515-7aa0-4a36-966e-3191a134d1e1,32efa79f-6798-483e-b5bf-16f2e4dcd25f"
CGTCAATC,+,2,"a00a9391-7861-4b3a-bf1a-134d20e20505,c1f253f2-5910-4c80-9361-5990820903b2"
CTTTTGTC,+,1,b3f41574-e265-4c44-8e20-bd770157f8a7
AAAGCTTG,+,1,af194eec-599d-4830-b385-5da4e8678a5a
CACGCTCG,+,4,"91fec316-5599-4893-a586-8f50de470c63,0914a621-acd7-412d-b22b-68bed572ddd8,a58b51e3-eaed-466a-8c96-5c3d89b217e2,5e624a69-7626-4c26-8ed0-3f3fbf7ccbf8"
TAGCTATT,+,2,"a2e7360c-dadf-4877-aef4-8e9c07f4fd6b,870cacb2-cbcb-4b08-ab49-5e9305a61277"
GCAAGACG,+,1,2b04736d-1a20-4df5-8d02-7179a140b9cc
CCGTCGTG,+,2,"67f22f46-f1f9-4843-8ff8-3fe1e6df1238,18b88e5c-4458-4214-ad17-79c9bce14dd4"
TAACGGTA,+,2,"e0ed86ff-c8be-4d49-90bd-f8c59bb84841,f7d06c9f-5b69-4132-ae0a-6b749f6b97c8"
TTCACGGC,+,1,0b66caf9-6593-42c4-a098-f52dedb8fa2b
ACGCCCGT,+,7,"b174b87e-67ee-425f-8808-26ab30148b1d,66ede5a9-12a4-4971-a438-f6e2fbb0a245,c75a73d1-9740-4bbc-8873-5ad8f038ccdc,08907142-3df1-43a3-a476-603c66f141b9,bd8683eb-e833-40fa-8c3b-65cd63836e0e,689e9614-f0a4-4bb6-85b8-b8c5933fb1c7,10d93176-4c34-4077-b75a-338e736e7628"
TTGAGCCG,+,3,"7b53b638-4cc6-405c-9796-9c591cb52be9,5d752fab-bcb1-43bd-b27f-d78a7cdcaac4,bbbe331b-25c1-4cb4-a871-9ef0d0f451f2"
GTTAGAAT,+,1,bf991bd1-cb64-498e-b22e-dddd339d3fe5
ACGTCATA,+,1,6269c5fb-cfa3-4d2a-8dfb-3fed04e45ee9
ATTGCAAC,+,4,"b89f0898-03db-440e-b898-bdee5ba3cc27,455c7bb8-64c6-435a-8413-1496466fecaf,e4e5365a-a54a-4f0e-a826-595abb39d36e,25977769-edc4-4011-a6bf-9ac0db2c4d30"
GCTATTGG,+,2,"97d42917-e1cc-419b-b8b7-671f5c606898,ba32b002-e114-4c16-a87a-3965e565560c"
AAGATCCT,+,1,32698ff2-e2c0-4996-89c4-f0ff432e319d
CATTATGG,+,2,"706c5df0-072c-4cc8-a9f0-e466e05bb85e,bcd0a3aa-10d9-496e-996a-be3f47d1d0a1"
GCATGGCT,+,2,"e5da4e54-e5f1-44a9-a6bf-5e9983943c87,c51716f0-a04f-4ab3-acfd-bfffc4d541dc"
TGGTCTTC,+,3,"e4cec118-f38c-4fc7-93ab-20157a8efb42,3f338c01-24e4-4e39-a8b7-1019a8cf2fd6,080afe7a-7558-4bfc-9566-b83247c9e162"
CGACCACT,+,3,"02c13ec0-e37a-4081-88f2-3f9401ef046f,534d4b77-0731-403a-abdd-6234f17e4b11,a1552980-e29c-4c74-97dc-02988340a357"
AAAAAAAA,+,5,"691e95d2-9368-477e-9efc-b332d095a4ca,899deaa1-dd76-4e83-8e2e-02186e61ef52,3dc74b35-a1ed-412e-9396-8c8dac50ac21,5839922f-cdea-451d-b1a9-768d45a8fa3b,d6c0c3da-679e-47de-a364-849ecc5a4e97"
AGGCCAAG,+,3,"31b415ee-7621-4ce0-b10b-de7cbda98966,dc31149d-c302-4ea8-ac3f-55899ad955b4,e4cfd05e-b298-4f83-b68d-2202da89b1b4"
TCTTTCGT,+,2,"7b91c479-522d-4f2d-a90b-a86756ed4dfd,f48c680b-bad0-417e-9263-d6fd12208536"
ATACGGCG,+,1,4d0b9823-f280-473d-822e-b8f9793fd47b
TCCTGACC,+,7,"1bb3b683-d81c-46bd-8c93-c1d1a21660c0,2f3dee60-123f-4da7-a018-716362b897af,15d5214f-b8ba-404c-b5ea-71fe7cbb3c37,2fba9217-afed-487d-b498-5bfb242927d8,21cacbb2-d054-4b4f-9b66-dae6fe7975e9,8e56335e-c792-4847-b65c-95d4e2fb8bee,5beac974-1d6d-48df-973d-1acdbae1583e"
TTCCAGAG,+,1,7619bd65-2f9f-45b1-9de3-b68f307dc94c
GTGCCGCC,+,1,c4ad6cad-2746-4648-945c-4e074fb42ec2
GACTCGTA,+,1,39156330-dbf9-4ef7-8751-a499145b8147
ACTACGCT,+,3,"ca3a3a25-72cb-4f20-a8d1-37133403f61c,0acad025-b6f5-436d-b1d4-a2f240a2a688,4054ddba-d736-424e-aa4f-859dcd2804eb"
GGCGCTGC,+,2,"110e3c64-9823-4863-9d06-fb89d878e9eb,a86fe070-aca0-4b1a-abf4-da83456689e7"
TAATCCCT,+,4,"a3afe45b-cfd1-40be-98b7-3fd95630a7ef,0c0c22d5-fb91-4711-b178-601a7c73d8b9,5ce84333-d6c2-4f97-97e3-1d5b4e1b63a5,49832073-50d8-48b5-ae3a-bf0e110e6cbf"
GTCTGCTT,+,2,"722395a5-916c-43d1-92de-49c085b2159f,7969aebd-062e-4922-bb6b-8aae8de1b5c1"
GAGTTTAG,+,3,"55347e01-7fda-4e75-8034-5be7a5c5ac0c,94dcb6a6-269e-4e9a-b5ef-a9d953088992,a1503354-3db6-43ae-9222-afbe227d14fe"
CGATGCAT,+,3,"f089da2e-0577-46fb-b51e-19eea7dffaca,ce70c1ff-e167-4eae-bcaa-bdd9d413f7e5,f3323117-d286-4c80-b2cd-9e4248cb75eb"
CAATACAC,+,1,e094892f-9307-421d-a63c-e73e24f31056
GTCCGGAA,+,1,93ddb512-3f63-4e7e-ae9c-66d91271ec92
AGGGCCCT,+,1,5f81e76c-2b38-4b34-a30d-dbbe148879df
AAGGAAGT,+,1,f45122a1-54ab-4bf3-a097-6f9f25cc5e7a
ATCTAGGC,+,2,"e6b81cea-b3ba-4daf-9114-b6acb1c37401,326a5cf1-082b-410e-b9d2-8b3a6a06f613"
AGCCGGTA,+,3,"083577ce-203f-44f0-ac40-f6c075acc406,65c29bbb-8039-414e-80df-db2d8b34c5b6,2117dbd3-7448-4485-b741-71bff1ee0d2e"
CCAACGTT,+,6,"351664be-50f1-4688-8d1d-9e4485363f7f,e3437f53-d565-45c1-bc78-bb895a1a1ed8,d5d256e0-e37d-4d71-aacb-69e55df33dda,079cd4e1-b963-460d-b224-5b721d619b1e,49c17986-53a6-47a2-8a4f-e77cb65d96dd,8a1de4b0-7dba-4e07-858c-9c33e3498285"
CACCTGAG,+,1,c4fded02-a1f3-4d9b-b211-4354e14f986b
TTGATACT,+,1,64be40e4-2a41-43a5-afe5-cd04e0e822d8
GACTACGT,+,2,"9e40ee60-2a38-4225-8552-b02b21129730,818eba35-abe7-457b-8480-15274c8dcfbb"
ACTGGGGG,+,2,"216eb1eb-a7ae-4cfe-9bd6-b902ceab34c4,6d43cd9d-133b-42d1-999a-5d72265eeeb3"
TGACCTTT,+,4,"3bc1edd9-6f3b-48e5-abf5-11067cd7f8c1,29234c7d-402a-4613-98ac-c0fb55e54c08,3ac27251-cad7-4e0d-9336-64442d551e61,a8ac6016-b496-4c60-ad40-5d2d8096a93d"
CCGTAAAG,+,2,"248fb9fc-b997-4ab3-9e3f-58b897ec57aa,68aa7f0c-6652-430b-99a3-de9579e8b1c0"
CCATGTAG,+,2,"6c49f0ed-867c-44c5-98ff-3824c3c99a9d,bcc03119-34db-457e-a626-087015ba74e8"
CGACTGGT,+,2,"fa5a4f5b-422e-41df-b58b-205e47343de7,7ea12aa2-c239-4ec0-80b6-8807f95c693b"
AGGTTGAT,+,5,"b9a46411-70fd-4fb0-8363-56e228032ccd,dda818ef-d76e-488d-8a05-e841b971f746,1125d4aa-59ab-4d60-9f47-3b6b204fa414,df8f005e-488a-4ba4-b13f-a909272ffec0,6a0ca564-1c59-4316-af40-88e6e907ba5e"
GGCTGTAC,+,1,4e082e6f-e386-42ef-8d5d-d5e5306cdeac
ATTCCTCT,+,2,"6e85ff1c-ece8-47bb-a0d9-4c564a6f5011,e24c0d00-5ddc-45d1-8e9a-d5560a01133e"
ATATTCCG,+,2,"aaacd3fd-2161-41fd-88bc-cf2be53cf1b1,f2a44f8f-4d5a-428e-9677-769b2cd0a657"
AAGTGGGA,+,1,4321cb53-0702-43ff-b1a9-12dd54873431
GCGAGTAT,+,1,57ffced5-f26e-4a2a-a0ff-7d2a5e55f357
GTTCGAGA,+,2,"949c2c96-2493-4a37-a22e-952b0a53f754,a3f4c919-c16e-4ae7-b705-b2982078ef59"
GCTAACCC,+,4,"9d43d440-286e-4aec-833f-0d79e2c838dc,7b1c260f-b552-45e9-973f-cf7f2bce4a7d,d07f1c5b-01fa-41ba-867f-6564d90a9489,4653ed71-1206-4db8-a96a-fa389964770b"
GGTTAAGT,+,3,"5675dfe0-9589-4cff-a8f4-c32ec45b49a9,a23ab08c-5002-4688-ae72-742f2c0edf48,54fd3036-87b7-4410-90c1-c571e5cda388"
AACTCCTC,+,4,"01ffb4a3-2b44-4c7a-936a-f47662cfb2d7,570576a0-ab7a-4521-9aac-e3effe39ebf8,a5cbac89-86a5-4976-83ed-ebd6b655cac7,f9573f79-e3ba-4b1b-9768-0f6e7bd86acc"
ATACAGGT,+,4,"ee5a40b1-19ba-4622-ab36-6ddc918fb3d1,5a84a077-5148-4a5b-854c-42f5d6729fd2,d4e05991-abd9-41e1-a365-a5af5ca316f4,fbd6b688-76c7-44a8-befb-b1c83820280f"
TTAGGCTA,+,1,ced08497-8b44-48ec-974e-0269bbb935f4
TCCGTCTA,+,2,"cde44d21-0144-4996-a6c6-4e5d1c69589d,1bb26d9d-3cf7-45ea-9d70-e0d59de75f94"
ATTTTTTT,+,5,"b1073e61-3228-4f17-82fb-4bef50d25664,0591cc4d-c1b2-4547-83a5-b40604eaf2aa,c1550907-868e-406c-8328-8709d9cefd36,9bd1c545-9d75-4d82-971a-8af8e00f000d,962f5eb3-ac3d-4df7-85d4-ac5429dc47fd"
ACTTCGGA,+,2,"2275304c-e6e2-4bf0-a2d2-bec9d284bff1,9ef03f38-127e-4322-b326-174e6ec4948a"
ACAATCTG,+,2,"a7add717-cc7b-458f-8bf2-d3fcda68fbc3,86bc511a-88c1-4847-8c25-af27aa926273"
CGGAAACA,+,3,"65d8898e-2f79-4a58-8392-6c277b31d432,898a320b-d823-4b9e-bece-a235c58f8842,4e5dcfd4-17ed-4120-bbf3-6a332ba47edc"
CAAAAAAA,+,3,"026c0791-fc02-4bf8-a1f6-4ecdfb9a81e0,930eedc7-9629-4ab2-bdaf-02e3667a960b,1fce4ef4-9621-4b92-a4f4-caebe39f11c2"
CGCTGACA,+,1,92786a84-c644-4302-b9d6-b23f3e2adc48
ATCATCAT,+,3,"43524873-84cb-4291-8b01-36bf43f2ae98,bbd48075-9dea-4d4b-9515-74d16d41c89e,de162850-576d-4af7-94cb-3ac07a78c572"
AGGTGATT,+,4,"51090118-3a9c-42fb-95a4-d741a5608c3a,9cfdf805-35fb-47f7-a2dc-713b5badb064,b63bd433-978d-439d-8b28-d79c8d914884,6ce48534-a83d-4bb7-b588-ef87dd5ba181"
TCTCATGT,+,7,"f14b4d92-6380-4912-9ade-d9de50d72a2f,3477b034-f058-45a6-bbfc-4a55f7a8329d,9b46f698-aa4c-4032-8647-d82ab6017d4e,bad0cd52-97f2-4674-a26b-9042546f0f87,81d68115-65dc-4b43-8218-be8b515bc8e9,65142d07-aa58-49de-9efa-1253762f9170,ac498290-2501-4e06-8aff-1b54d0a2256c"
GCTACAGA,+,1,8e797688-e805-44b2-9b6c-281498b2902a
GATACGTT,+,1,c33e5e02-209d-49e2-b0e2-1b164130cee7
AATGTAAA,+,2,"11a42335-cce5-4743-a0dd-6c22e1030a1c,1782e8ca-c6f8-4971-9e82-7adb584f01aa"
GTCATCGA,+,1,abb97454-6018-4fe7-858e-140dc1cebbcb
TACAGGAC,+,1,6df2e300-815f-4431-9626-225dda207518
AAATAGAG,+,2,"f56c3371-65df-41f6-954d-ded0a3773a11,bcd83efa-3c59-4388-a68a-67bd21fc3316"
GGCCATAA,+,2,"35978709-ff82-48b7-b86b-b44b02c58f1c,f9d28c77-a10b-4875-9fde-ee9d5e6af6b1"
CTCGGGGG,+,2,"672ed006-7dc1-45dd-aca4-e9807f456b8a,29c3cf3e-f863-495d-aec0-3e02e6176e5b"
GCCCGGTG,+,1,6fcfb592-0771-47b1-9e9e-5755c47e9a9f
TTTCACTA,+,2,"9d2b3837-8a1a-45f1-9f4a-53c7fab96446,919331a9-b088-465c-9fb3-d5fb4dcaa1c2"
AACCGCGT,+,4,"4e4e174c-0dea-4b02-b6ab-05997999ca5e,17c6af1e-f6e5-4d95-a987-1b7d30dfd36a,48689568-0f1d-4354-a109-39ceee82ed19,cce30430-563f-4bfa-8b5a-4fa100ac49b5"
ATAACACT,+,3,"005d2e5f-8b3f-4369-8aab-2eda576fa0d3,c00f5419-7c94-4db2-8170-f918e481f0b6,34f8e708-38d4-41f7-8eac-001bf0b4d7c4"
TGTTACCG,+,1,ce3c04f0-3cc9-47e2-b5bb-525e7a3bca8c
TTCACTAT,+,2,"95684eae-7a85-43cf-9e40-4525f0500827,4eb3b9a3-d191-4451-995e-09c1d8e0b3f7"
CGAAGGCT,+,2,"7ca5e16e-eccd-4e9f-a531-e28290478b9b,005c58ef-c05d-47a3-a91c-be1cba84399f"
GCTTCATT,+,3,"7a858b13-0995-42b0-be6e-ee5c8471e58b,680eee79-942c-412b-80e5-e738ae1e0204,33e074ae-8e4c-4bd7-a959-ad9229353a5c"
GGTGCCGA,+,2,"b9c0f366-e60f-4af4-8caf-40b81642cffa,b3f22b97-5aec-4252-bbac-e47f862b5faf"
AATCAACC,+,1,287fde5d-5b4a-415d-b3dc-2bd7ce59f8cc
GCGCGAGT,+,3,"4a856546-5e60-4712-80ee-82345dff64e6,d6929094-f4aa-4ce1-b84b-b4c2639a4d8d,1210db71-49f0-40ea-b84d-4f4fa9f5fff3"
CTCGTTTA,+,1,55b4b2e6-4c6d-4cfc-8db8-3348c5ca9cb3
CGCACCGC,+,1,ee757ae0-a0d9-440f-a487-d4ff27f5cf12
CACAGCAA,+,2,"7ba6c703-721c-4e47-aff7-fc6bc78ead9e,e2e32173-cc07-4d05-8b39-f71f3872804c"
AATATTGT,+,4,"f037c766-eea8-4658-8063-cee1cc71691c,3ce6e298-d79c-4dc5-be89-21a92291e1f2,1cd5cbf3-110b-4bc8-989a-e117c90160e9,a0c792e0-2e9a-4137-af21-cbda0b9d4964"
GTCCCCAG,+,2,"59389016-b842-4026-994c-e4b020b428f3,b6c2f8c0-5952-44c6-9fe0-5c3ca09b19ac"
CAGTCCGT,+,2,"e142bd4e-5580-4010-a7bd-aa331e0cc5ce,e01f361a-df3d-410e-89fe-b8bc84c354cc"
ATGGATCT,+,1,51327e49-618b-48a2-ad1f-91e29390bc34
CCAATAAG,+,2,"f97fdd9c-202d-4209-ab53-66a535517b71,829c230a-3c04-463c-9dd4-c3285842c710"
GTACCGTT,+,2,"01adea82-1f69-4796-a1fa-0a61ceb0ca33,9f28e0e3-3ac4-4c92-8de4-b87654921f2a"
CACACTTT,+,2,"4c74a65a-c959-4534-b6d3-57f07bd9d095,f23fd550-a7ff-4f1b-91fe-4c1ed9d4f2a7"
GCGTCCCC,+,1,888b18fe-9105-4867-8dd2-84df1a120d51
TCACTCCT,+,2,"982a059a-7a0a-44ec-890a-b2a7bd97605f,e2cfa731-742c-4b64-b279-5b50c3b4368e"
AATAACAT,+,1,88554853-6156-4982-95bf-56141eb25eeb
GTGACTCT,+,1,aca8e77f-9acc-4e48-956c-9ced37c5e8c1
TGCGAGAA,+,1,147279b2-e1c5-4a47-898a-819e598523ca
CGCATACT,+,1,af595986-4d3b-486c-80f6-888476127e33
ATGAGGCC,+,4,"4e123beb-f1e5-4d13-a0c3-538392ea6999,81f8ad2e-b63a-442f-ac19-1d0e331463d1,18c9ab1d-70ab-446d-ae93-cfb645749031,cab0903a-2718-4ccb-8cad-89feffb5646a"
CATTTGGT,+,2,"6a6055cf-2e8a-4698-aef2-7c82fea5357b,731a5678-fb66-49f9-911a-cc66b07b013a"
CACTAGCC,+,4,"d9e48916-3c0f-426e-94c5-21b5c39388a5,163e5e02-ffe4-41a3-a35b-bdce5472c6c4,612b1513-4ec2-4252-a65e-34087c161df2,16eba9ed-0195-4047-938f-b80f9ce13ea9"
ATCTGCAA,+,1,18f9cfab-f99e-4e32-956f-8a5d6695f106
GCCCCCGA,+,2,"09255cfc-5407-4af4-8f28-64497d0cdc71,2ced7e41-fa5e-41c0-a80f-9faa3c8befc6"
CTTCGTAG,+,1,97ebf30f-9864-4c35-b4af-3b01267514f5
CTTACTTA,+,1,9099292b-d6d4-4a16-9823-c974a48dc8a8
AAGGCATC,+,1,263d7e38-a6cc-4428-a5a9-1e1a9a5cb6a7
ACGCGGAA,+,2,"2b07f4b7-d901-497a-bba4-36b634615df5,b4d413f6-3f62-4747-8a7b-215b4ced9669"
TAGCATCC,+,1,8ccab5f9-9579-4e9a-84d7-8a672ea793fd
TAAAACAG,+,1,404a67b5-8af7-41b5-9ecf-a4942d4a97d5
GAAATCCC,+,2,"b0abe9a8-534f-4511-81f2-83a8074c4258,16654c23-a01b-4479-96eb-039d6ac4a79b"
TCGATCAT,+,1,46a6df18-0c11-4dd3-839d-31c4c1b5f27b
CGTCTGAC,+,2,"e3f87cca-f1a4-443a-889c-c29f1d23f9bb,953b3706-0e03-423b-bcdc-604c48db121f"
GTCTAAGA,+,2,"b1a7a914-e91c-4ee8-8894-2146b2fb2b55,73673cfc-4d23-44e7-9561-3307c11947ac"
TTTAATAC,+,1,4a0097cb-21a5-4477-8491-5c0cbee45eef
CCTGCGCG,+,1,0947420b-7956-429e-913a-0cb4dd7e9dbc
TGCAATCT,+,1,c7fd6dfe-e5a7-4917-b534-8adb8c73b690
GCGGACGG,+,1,4a5f2b69-850f-4f5c-84f5-dd6aa13efb71
CCGGCTAA,+,1,64c9d4d6-0b9e-4015-a687-da18672756b5
CCCCGGGT,+,2,"33e241a8-7264-4b1a-9768-4ab6313bc333,36d824a4-4880-49c4-9a35-7d9f822c0664"
GCGGCTTG,+,1,0c6fe8a8-a19b-46fe-9532-14605cca6eaf
TTAAAACA,+,1,adc94212-c7ee-4176-8e4e-f401b18acf87
CCGGTGCT,+,1,a70a87a2-d858-497f-bff9-f042bfa45e3c
CTGCTCAC,+,1,5bbd5262-0ec2-4868-9412-81c8933c03cf
AGCGTCCA,+,1,394c0f6d-fe75-435f-96e9-894c1f25940b
GACGAAGG,+,2,"24b44186-1036-4935-9309-6c1bff2b0da0,665e5c12-1d54-4861-8800-07d4ba59fc69"
AGGGTTAC,+,1,ce3456a8-10a1-4767-9bb3-46ef63393c08
CATATCAC,+,2,"c2829fcd-82a5-4450-a2f3-98f37a516b7b,f71065e3-20ae-4ed1-b39d-d76817598f30"
CATGGACC,+,1,d88ad201-550c-4145-8767-c66c3d76450a
AGTCAGAT,+,1,08527189-f49e-4664-91d6-69e254cb59ea
TACGTGCT,+,1,445f274b-4e91-4e37-9ca7-9e0f42a4011e
GGGCTATA,+,4,"25f12bf7-c639-4f89-afdd-f864a24083f6,121b4cc7-ec44-4f10-8fa0-ded574758682,6818e2b1-1ff2-4645-86be-549565a26a56,51a011e3-c94b-42d7-92b5-5ba7a92f7ef2"
TCTCGGGC,+,1,a1ed7128-2acd-49c7-91ea-4433cc6378f4
ATAACCGC,+,2,"41df6807-8b42-4e58-8c39-bc754a472d8f,aeadf485-869f-4bb5-a023-31971edfeb9b"
CTCAGAGA,+,1,8e83f2be-3927-44cd-9c83-8f4c5ea32581
TAACGAGC,+,1,b9699bbd-08d1-49f5-93f3-5a9c14751be5
CCCGCAGT,+,1,bdb77b9f-9348-4daf-bd9c-32dc15c26e8b
CATAATCC,+,1,9cf68317-97ea-4a0b-9514-3290a9eac87c
GGTCGACC,+,1,be3f4ee7-20de-4976-8d60-3dd9be846194
CGTAGGAA,+,1,f0e30df5-2fbb-453a-8aad-d104ce02ee90
ACATTGAA,+,1,07ef8d7f-142e-48b9-a80e-190325520d63
GGATCGTG,+,1,89713873-0023-48ae-8aa1-b696d9088e68
TGCTAGTC,+,1,11be4244-f2b4-49ac-b31a-fc22a845ee6a
AGTTATAA,+,1,52fd5b80-d6cb-41d2-a5b3-fe0885a7cb9d
GCTTTGCG,+,2,"0715f2cf-5b8c-4a5a-98d8-bc05bd44b522,5aeab28e-4b4c-493d-8499-e68bf6b5683a"
CCGTGCGC,+,2,"0b09c605-1e7d-48f7-89ad-f5a72eecf43d,30b14d17-5bef-4643-9dd4-e314ed4eed58"
CGCCAGCT,+,2,"4f9c8546-0a3c-4169-9b5f-24ad41592416,28da0a94-be3e-4040-949a-0fb7bbb44de7"
CTGCCTTT,+,1,026dd9e9-234c-4898-982b-bd2f793b6bea
TTCCTACC,+,1,b237e2f7-7cb8-4d6c-b330-9cc93765b5d0
CAACACTT,+,1,462d3f09-ca89-4e2e-ab38-26423c3fde7f
CGCGCAAG,+,1,68d6c63c-abe8-4ddd-8cdd-000e3b7adf3a
ACAGATCA,+,2,"f234b8a8-9ac5-4405-9015-c2b0b8955721,82818119-765b-4a66-ad03-63829f0342b1"
TACTTAAG,+,1,3ef4ebe5-dd71-4286-b6f4-e47bd5cb3c05
GTTCTCAT,+,1,4f153ef8-01a6-44d8-8ce6-e8e68ad8ebb2
GGAGAGAT,+,2,"1193d51a-e1d5-4235-9a83-2af5c677c3bc,0bf792ff-d48a-4637-8d55-cdd7fd9b36d0"
CAATTTCT,+,2,"ec516040-c9c9-43ff-acfc-cd0c866b9558,51290971-d582-4f17-b195-93c849df0e59"
AGCACATC,+,1,eb8e7e2b-3ffe-410f-afb1-1ae6d9e20399
GCGTGGAC,+,1,f2e4dc91-d9e4-44c2-ae96-b51dcf7e0e38
ACGTTTGC,+,1,8be1536c-6ecd-45e0-a9e3-a03bae9d693d
GTCAGATG,+,1,79f077c1-e133-4004-84d1-9eecfffa7f5b
AACACAGT,+,1,666a0a64-93a3-4dd7-a5cb-649bf49e3533
GGGCATTT,+,2,"13f39762-99d9-4b9e-8550-3b55b91bda6a,debcd582-b934-41b2-b146-5dca28d594bb"
CCCGGCTG,+,1,6b0a1f96-e7bf-4938-bf00-c1b8e6d6fb0f
TGCGAATT,+,1,9ee2ad33-c64f-452a-9375-94b636005833
TAGTACGG,+,1,fca3b8a1-8554-4c11-84d5-472440c557b6
CGCATGGG,+,1,4547a74c-fa96-4818-bbce-f76b41b2147f
CGGGACGA,+,1,98693448-646f-4c96-935b-5691518ca56f
CAATTATC,+,2,"271b5b0c-94bc-4d64-8013-8c89023add8a,095e6ba9-ca72-4317-840d-7b5f28ad3ddd"
GTCGCCCA,+,1,501964b9-4b1f-44ee-8f6e-c8390bb2f7d6
CCAGGTGT,+,2,"b7d230cd-d8a2-479a-85b9-ac30744f91ad,e0449ab9-1d49-4acb-b2ed-288e5da44263"
GCGCACAT,+,1,ea6ed553-57eb-42f7-9066-df59f1b773d7
TCACCGCG,+,1,272b3625-3c4c-47e3-a8bf-9cf69b7e96d0
ATTCAAGG,+,1,a2d726b2-184f-438d-a40b-452c805ca0ae
TTATATTC,+,1,93a77387-39c4-4bca-9112-f6e5ea45cfc2
GGTTCAAG,+,1,f32d57c1-c943-4256-a3e7-cd8321adc27f
CCATCCCG,+,1,37ffa3a3-5319-4803-a0a6-c4243b0a0178
GTGTACTG,+,1,0dcf68d7-6a5e-49fd-91d3-3e0725f68951
GAAACATA,+,1,af4676ed-d58a-4815-b406-d04109e8aca9
CGTGATGT,+,1,e48914c0-8dfd-44ae-bbea-782d5f87b6bd
ACCAAGAT,+,1,39a80a48-d777-48b7-b9c5-212526d362d0
