sample,UMI,family_size,position,consensus_base,agreement,read_bases
AF_961,ACATCTTC,18,4644,G,0.555556,"A:8,G:10"
AF_961,CAGTGGTG,8,2345,T,0.625000,"C:3,T:5"
AF_961,GAAAGCTC,6,573,A,0.666667,"A:4,-:2"
AF_961,GACGGACT,17,4814,G,0.529412,"A:8,G:9"
AF_961,GCTTCGGG,23,1486,G,0.652174,"A:8,G:15"
AF_961,GGGATTTC,6,4831,C,0.666667,"C:4,-:2"
AF_961,GTTAGTGT,6,2472,G,0.666667,"A:2,G:4"
AF_961,GTTCGCGA,51,452,T,0.568627,"C:21,T:29,-:1"
AF_961,TAGGGGAT,13,1159,C,0.538462,"C:7,T:6"
AF_961,TATTGTTA,6,1876,A,0.666667,"A:4,G:2"
AF_961,TGGGGTCC,34,3818,C,0.529412,"C:18,T:16"
AF_961,TTACATTG,6,1931,T,0.666667,"T:4,-:2"
AF_961,TTACCTAA,8,1007,G,0.625000,"A:3,G:5"
AF_961,TTCCGAGC,5,1450,A,0.600000,"A:3,G:2"
